file_name,relative_path,size_bytes,size_mb,split,table_group,depth,shard,table_role,is_sharded,table_family_id,row_count,row_group_count,column_count,has_case_id,has_target,candidate_key,candidate_key_complete,time_fields,column_name_fingerprint,schema_fingerprint,schema_json
test_applprev_1_0.parquet,parquet_files\test\test_applprev_1_0.parquet,29733,0.03,test,applprev,1,0,feature_table,True,applprev__depth_1,10,1,41,True,False,case_id + num_group1,True,approvaldate_319D | creationdate_885D | dateactivated_425D | dtlastpmt_581D | dtlastpmtallstes_3545839D | employedfrom_700D | firstnonzeroinstldate_307D,a3c2dfd68b1be169,21a7e640823bd27c,"{""actualdpd_943P"": ""double"", ""annuity_853A"": ""double"", ""approvaldate_319D"": ""string"", ""byoccupationinc_3656910L"": ""double"", ""cancelreason_3545846M"": ""string"", ""case_id"": ""int64"", ""childnum_21L"": ""double"", ""creationdate_885D"": ""string"", ""credacc_actualbalance_314A"": ""double"", ""credacc_credlmt_575A"": ""double"", ""credacc_maxhisbal_375A"": ""double"", ""credacc_minhisbal_90A"": ""double"", ""credacc_status_367L"": ""null"", ""credacc_transactions_402L"": ""double"", ""credamount_590A"": ""double"", ""credtype_587L"": ""string"", ""currdebt_94A"": ""double"", ""dateactivated_425D"": ""string"", ""district_544M"": ""string"", ""downpmt_134A"": ""double"", ""dtlastpmt_581D"": ""string"", ""dtlastpmtallstes_3545839D"": ""string"", ""education_1138M"": ""string"", ""employedfrom_700D"": ""string"", ""familystate_726L"": ""string"", ""firstnonzeroinstldate_307D"": ""string"", ""inittransactioncode_279L"": ""string"", ""isbidproduct_390L"": ""bool"", ""isdebitcard_527L"": ""null"", ""mainoccupationinc_437A"": ""double"", ""maxdpdtolerance_577P"": ""double"", ""num_group1"": ""int64"", ""outstandingdebt_522A"": ""double"", ""pmtnum_8L"": ""double"", ""postype_4733339M"": ""string"", ""profession_152M"": ""string"", ""rejectreason_755M"": ""string"", ""rejectreasonclient_4145042M"": ""string"", ""revolvingaccount_394A"": ""double"", ""status_219L"": ""string"", ""tenor_203L"": ""double""}"
test_applprev_1_1.parquet,parquet_files\test\test_applprev_1_1.parquet,30309,0.03,test,applprev,1,1,feature_table,True,applprev__depth_1,10,1,41,True,False,case_id + num_group1,True,approvaldate_319D | creationdate_885D | dateactivated_425D | dtlastpmt_581D | dtlastpmtallstes_3545839D | employedfrom_700D | firstnonzeroinstldate_307D,a3c2dfd68b1be169,84e87ad3d06c29fc,"{""actualdpd_943P"": ""double"", ""annuity_853A"": ""double"", ""approvaldate_319D"": ""string"", ""byoccupationinc_3656910L"": ""double"", ""cancelreason_3545846M"": ""string"", ""case_id"": ""int64"", ""childnum_21L"": ""double"", ""creationdate_885D"": ""string"", ""credacc_actualbalance_314A"": ""double"", ""credacc_credlmt_575A"": ""double"", ""credacc_maxhisbal_375A"": ""double"", ""credacc_minhisbal_90A"": ""double"", ""credacc_status_367L"": ""string"", ""credacc_transactions_402L"": ""double"", ""credamount_590A"": ""double"", ""credtype_587L"": ""string"", ""currdebt_94A"": ""double"", ""dateactivated_425D"": ""string"", ""district_544M"": ""string"", ""downpmt_134A"": ""double"", ""dtlastpmt_581D"": ""string"", ""dtlastpmtallstes_3545839D"": ""string"", ""education_1138M"": ""string"", ""employedfrom_700D"": ""string"", ""familystate_726L"": ""string"", ""firstnonzeroinstldate_307D"": ""string"", ""inittransactioncode_279L"": ""string"", ""isbidproduct_390L"": ""bool"", ""isdebitcard_527L"": ""bool"", ""mainoccupationinc_437A"": ""double"", ""maxdpdtolerance_577P"": ""double"", ""num_group1"": ""int64"", ""outstandingdebt_522A"": ""double"", ""pmtnum_8L"": ""double"", ""postype_4733339M"": ""string"", ""profession_152M"": ""string"", ""rejectreason_755M"": ""string"", ""rejectreasonclient_4145042M"": ""string"", ""revolvingaccount_394A"": ""double"", ""status_219L"": ""string"", ""tenor_203L"": ""double""}"
test_applprev_1_2.parquet,parquet_files\test\test_applprev_1_2.parquet,30289,0.03,test,applprev,1,2,feature_table,True,applprev__depth_1,10,1,41,True,False,case_id + num_group1,True,approvaldate_319D | creationdate_885D | dateactivated_425D | dtlastpmt_581D | dtlastpmtallstes_3545839D | employedfrom_700D | firstnonzeroinstldate_307D,a3c2dfd68b1be169,84e87ad3d06c29fc,"{""actualdpd_943P"": ""double"", ""annuity_853A"": ""double"", ""approvaldate_319D"": ""string"", ""byoccupationinc_3656910L"": ""double"", ""cancelreason_3545846M"": ""string"", ""case_id"": ""int64"", ""childnum_21L"": ""double"", ""creationdate_885D"": ""string"", ""credacc_actualbalance_314A"": ""double"", ""credacc_credlmt_575A"": ""double"", ""credacc_maxhisbal_375A"": ""double"", ""credacc_minhisbal_90A"": ""double"", ""credacc_status_367L"": ""string"", ""credacc_transactions_402L"": ""double"", ""credamount_590A"": ""double"", ""credtype_587L"": ""string"", ""currdebt_94A"": ""double"", ""dateactivated_425D"": ""string"", ""district_544M"": ""string"", ""downpmt_134A"": ""double"", ""dtlastpmt_581D"": ""string"", ""dtlastpmtallstes_3545839D"": ""string"", ""education_1138M"": ""string"", ""employedfrom_700D"": ""string"", ""familystate_726L"": ""string"", ""firstnonzeroinstldate_307D"": ""string"", ""inittransactioncode_279L"": ""string"", ""isbidproduct_390L"": ""bool"", ""isdebitcard_527L"": ""bool"", ""mainoccupationinc_437A"": ""double"", ""maxdpdtolerance_577P"": ""double"", ""num_group1"": ""int64"", ""outstandingdebt_522A"": ""double"", ""pmtnum_8L"": ""double"", ""postype_4733339M"": ""string"", ""profession_152M"": ""string"", ""rejectreason_755M"": ""string"", ""rejectreasonclient_4145042M"": ""string"", ""revolvingaccount_394A"": ""double"", ""status_219L"": ""string"", ""tenor_203L"": ""double""}"
test_applprev_2.parquet,parquet_files\test\test_applprev_2.parquet,4687,0.0,test,applprev,2,,feature_table,False,applprev__depth_2,10,1,6,True,False,case_id + num_group1 + num_group2,True,,72c802b94af5f9f3,3a1d7db2d647fe91,"{""cacccardblochreas_147M"": ""string"", ""case_id"": ""int64"", ""conts_type_509L"": ""string"", ""credacc_cards_status_52L"": ""null"", ""num_group1"": ""int64"", ""num_group2"": ""int64""}"
test_base.parquet,parquet_files\test\test_base.parquet,3343,0.0,test,base,,,base,False,base__depth_base,10,1,4,True,False,case_id,True,MONTH | WEEK_NUM | date_decision,b2d2d3a028ad1009,3b670ec660014eac,"{""MONTH"": ""int64"", ""WEEK_NUM"": ""int64"", ""case_id"": ""int64"", ""date_decision"": ""string""}"
test_credit_bureau_a_1_0.parquet,parquet_files\test\test_credit_bureau_a_1_0.parquet,59968,0.06,test,credit_bureau_a,1,0,feature_table,True,credit_bureau_a__depth_1,10,1,79,True,False,case_id + num_group1,True,dateofcredend_289D | dateofcredend_353D | dateofcredstart_181D | dateofcredstart_739D | dateofrealrepmt_138D | lastupdate_1112D | lastupdate_388D | numberofoverdueinstlmaxdat_148D | numberofoverdueinstlmaxdat_641D | overdueamountmax2date_1002D | overdueamountmax2date_1142D | refreshdate_3813885D,ee36115b60cca798,a5d90a0e3c7207a0,"{""annualeffectiverate_199L"": ""double"", ""annualeffectiverate_63L"": ""double"", ""case_id"": ""int64"", ""classificationofcontr_13M"": ""string"", ""classificationofcontr_400M"": ""string"", ""contractst_545M"": ""string"", ""contractst_964M"": ""string"", ""contractsum_5085717L"": ""double"", ""credlmt_230A"": ""double"", ""credlmt_935A"": ""double"", ""dateofcredend_289D"": ""string"", ""dateofcredend_353D"": ""string"", ""dateofcredstart_181D"": ""string"", ""dateofcredstart_739D"": ""string"", ""dateofrealrepmt_138D"": ""string"", ""debtoutstand_525A"": ""double"", ""debtoverdue_47A"": ""double"", ""description_351M"": ""string"", ""dpdmax_139P"": ""double"", ""dpdmax_757P"": ""double"", ""dpdmaxdatemonth_442T"": ""double"", ""dpdmaxdatemonth_89T"": ""double"", ""dpdmaxdateyear_596T"": ""double"", ""dpdmaxdateyear_896T"": ""double"", ""financialinstitution_382M"": ""string"", ""financialinstitution_591M"": ""string"", ""instlamount_768A"": ""double"", ""instlamount_852A"": ""double"", ""interestrate_508L"": ""double"", ""lastupdate_1112D"": ""string"", ""lastupdate_388D"": ""string"", ""monthlyinstlamount_332A"": ""double"", ""monthlyinstlamount_674A"": ""double"", ""nominalrate_281L"": ""double"", ""nominalrate_498L"": ""double"", ""num_group1"": ""int64"", ""numberofcontrsvalue_258L"": ""double"", ""numberofcontrsvalue_358L"": ""double"", ""numberofinstls_229L"": ""double"", ""numberofinstls_320L"": ""double"", ""numberofoutstandinstls_520L"": ""double"", ""numberofoutstandinstls_59L"": ""double"", ""numberofoverdueinstlmax_1039L"": ""double"", ""numberofoverdueinstlmax_1151L"": ""double"", ""numberofoverdueinstlmaxdat_148D"": ""string"", ""numberofoverdueinstlmaxdat_641D"": ""null"", ""numberofoverdueinstls_725L"": ""double"", ""numberofoverdueinstls_834L"": ""double"", ""outstandingamount_354A"": ""double"", ""outstandingamount_362A"": ""double"", ""overdueamount_31A"": ""double"", ""overdueamount_659A"": ""double"", ""overdueamountmax2_14A"": ""double"", ""overdueamountmax2_398A"": ""double"", ""overdueamountmax2date_1002D"": ""string"", ""overdueamountmax2date_1142D"": ""null"", ""overdueamountmax_155A"": ""double"", ""overdueamountmax_35A"": ""double"", ""overdueamountmaxdatemonth_284T"": ""double"", ""overdueamountmaxdatemonth_365T"": ""double"", ""overdueamountmaxdateyear_2T"": ""double"", ""overdueamountmaxdateyear_994T"": ""double"", ""periodicityofpmts_1102L"": ""double"", ""periodicityofpmts_837L"": ""double"", ""prolongationcount_1120L"": ""double"", ""prolongationcount_599L"": ""double"", ""purposeofcred_426M"": ""string"", ""purposeofcred_874M"": ""string"", ""refreshdate_3813885D"": ""string"", ""residualamount_488A"": ""double"", ""residualamount_856A"": ""double"", ""subjectrole_182M"": ""string"", ""subjectrole_93M"": ""string"", ""totalamount_6A"": ""double"", ""totalamount_996A"": ""double"", ""totaldebtoverduevalue_178A"": ""double"", ""totaldebtoverduevalue_718A"": ""double"", ""totaloutstanddebtvalue_39A"": ""double"", ""totaloutstanddebtvalue_668A"": ""double""}"
test_credit_bureau_a_1_1.parquet,parquet_files\test\test_credit_bureau_a_1_1.parquet,60903,0.06,test,credit_bureau_a,1,1,feature_table,True,credit_bureau_a__depth_1,10,1,79,True,False,case_id + num_group1,True,dateofcredend_289D | dateofcredend_353D | dateofcredstart_181D | dateofcredstart_739D | dateofrealrepmt_138D | lastupdate_1112D | lastupdate_388D | numberofoverdueinstlmaxdat_148D | numberofoverdueinstlmaxdat_641D | overdueamountmax2date_1002D | overdueamountmax2date_1142D | refreshdate_3813885D,ee36115b60cca798,a5d90a0e3c7207a0,"{""annualeffectiverate_199L"": ""double"", ""annualeffectiverate_63L"": ""double"", ""case_id"": ""int64"", ""classificationofcontr_13M"": ""string"", ""classificationofcontr_400M"": ""string"", ""contractst_545M"": ""string"", ""contractst_964M"": ""string"", ""contractsum_5085717L"": ""double"", ""credlmt_230A"": ""double"", ""credlmt_935A"": ""double"", ""dateofcredend_289D"": ""string"", ""dateofcredend_353D"": ""string"", ""dateofcredstart_181D"": ""string"", ""dateofcredstart_739D"": ""string"", ""dateofrealrepmt_138D"": ""string"", ""debtoutstand_525A"": ""double"", ""debtoverdue_47A"": ""double"", ""description_351M"": ""string"", ""dpdmax_139P"": ""double"", ""dpdmax_757P"": ""double"", ""dpdmaxdatemonth_442T"": ""double"", ""dpdmaxdatemonth_89T"": ""double"", ""dpdmaxdateyear_596T"": ""double"", ""dpdmaxdateyear_896T"": ""double"", ""financialinstitution_382M"": ""string"", ""financialinstitution_591M"": ""string"", ""instlamount_768A"": ""double"", ""instlamount_852A"": ""double"", ""interestrate_508L"": ""double"", ""lastupdate_1112D"": ""string"", ""lastupdate_388D"": ""string"", ""monthlyinstlamount_332A"": ""double"", ""monthlyinstlamount_674A"": ""double"", ""nominalrate_281L"": ""double"", ""nominalrate_498L"": ""double"", ""num_group1"": ""int64"", ""numberofcontrsvalue_258L"": ""double"", ""numberofcontrsvalue_358L"": ""double"", ""numberofinstls_229L"": ""double"", ""numberofinstls_320L"": ""double"", ""numberofoutstandinstls_520L"": ""double"", ""numberofoutstandinstls_59L"": ""double"", ""numberofoverdueinstlmax_1039L"": ""double"", ""numberofoverdueinstlmax_1151L"": ""double"", ""numberofoverdueinstlmaxdat_148D"": ""string"", ""numberofoverdueinstlmaxdat_641D"": ""null"", ""numberofoverdueinstls_725L"": ""double"", ""numberofoverdueinstls_834L"": ""double"", ""outstandingamount_354A"": ""double"", ""outstandingamount_362A"": ""double"", ""overdueamount_31A"": ""double"", ""overdueamount_659A"": ""double"", ""overdueamountmax2_14A"": ""double"", ""overdueamountmax2_398A"": ""double"", ""overdueamountmax2date_1002D"": ""string"", ""overdueamountmax2date_1142D"": ""null"", ""overdueamountmax_155A"": ""double"", ""overdueamountmax_35A"": ""double"", ""overdueamountmaxdatemonth_284T"": ""double"", ""overdueamountmaxdatemonth_365T"": ""double"", ""overdueamountmaxdateyear_2T"": ""double"", ""overdueamountmaxdateyear_994T"": ""double"", ""periodicityofpmts_1102L"": ""double"", ""periodicityofpmts_837L"": ""double"", ""prolongationcount_1120L"": ""double"", ""prolongationcount_599L"": ""double"", ""purposeofcred_426M"": ""string"", ""purposeofcred_874M"": ""string"", ""refreshdate_3813885D"": ""string"", ""residualamount_488A"": ""double"", ""residualamount_856A"": ""double"", ""subjectrole_182M"": ""string"", ""subjectrole_93M"": ""string"", ""totalamount_6A"": ""double"", ""totalamount_996A"": ""double"", ""totaldebtoverduevalue_178A"": ""double"", ""totaldebtoverduevalue_718A"": ""double"", ""totaloutstanddebtvalue_39A"": ""double"", ""totaloutstanddebtvalue_668A"": ""double""}"
test_credit_bureau_a_1_2.parquet,parquet_files\test\test_credit_bureau_a_1_2.parquet,60300,0.06,test,credit_bureau_a,1,2,feature_table,True,credit_bureau_a__depth_1,10,1,79,True,False,case_id + num_group1,True,dateofcredend_289D | dateofcredend_353D | dateofcredstart_181D | dateofcredstart_739D | dateofrealrepmt_138D | lastupdate_1112D | lastupdate_388D | numberofoverdueinstlmaxdat_148D | numberofoverdueinstlmaxdat_641D | overdueamountmax2date_1002D | overdueamountmax2date_1142D | refreshdate_3813885D,ee36115b60cca798,6ddf9b9647b367e1,"{""annualeffectiverate_199L"": ""double"", ""annualeffectiverate_63L"": ""double"", ""case_id"": ""int64"", ""classificationofcontr_13M"": ""string"", ""classificationofcontr_400M"": ""string"", ""contractst_545M"": ""string"", ""contractst_964M"": ""string"", ""contractsum_5085717L"": ""double"", ""credlmt_230A"": ""double"", ""credlmt_935A"": ""double"", ""dateofcredend_289D"": ""string"", ""dateofcredend_353D"": ""string"", ""dateofcredstart_181D"": ""string"", ""dateofcredstart_739D"": ""string"", ""dateofrealrepmt_138D"": ""string"", ""debtoutstand_525A"": ""double"", ""debtoverdue_47A"": ""double"", ""description_351M"": ""string"", ""dpdmax_139P"": ""double"", ""dpdmax_757P"": ""double"", ""dpdmaxdatemonth_442T"": ""double"", ""dpdmaxdatemonth_89T"": ""double"", ""dpdmaxdateyear_596T"": ""double"", ""dpdmaxdateyear_896T"": ""double"", ""financialinstitution_382M"": ""string"", ""financialinstitution_591M"": ""string"", ""instlamount_768A"": ""double"", ""instlamount_852A"": ""double"", ""interestrate_508L"": ""double"", ""lastupdate_1112D"": ""string"", ""lastupdate_388D"": ""string"", ""monthlyinstlamount_332A"": ""double"", ""monthlyinstlamount_674A"": ""double"", ""nominalrate_281L"": ""double"", ""nominalrate_498L"": ""double"", ""num_group1"": ""int64"", ""numberofcontrsvalue_258L"": ""double"", ""numberofcontrsvalue_358L"": ""double"", ""numberofinstls_229L"": ""double"", ""numberofinstls_320L"": ""double"", ""numberofoutstandinstls_520L"": ""double"", ""numberofoutstandinstls_59L"": ""double"", ""numberofoverdueinstlmax_1039L"": ""double"", ""numberofoverdueinstlmax_1151L"": ""double"", ""numberofoverdueinstlmaxdat_148D"": ""null"", ""numberofoverdueinstlmaxdat_641D"": ""null"", ""numberofoverdueinstls_725L"": ""double"", ""numberofoverdueinstls_834L"": ""double"", ""outstandingamount_354A"": ""double"", ""outstandingamount_362A"": ""double"", ""overdueamount_31A"": ""double"", ""overdueamount_659A"": ""double"", ""overdueamountmax2_14A"": ""double"", ""overdueamountmax2_398A"": ""double"", ""overdueamountmax2date_1002D"": ""null"", ""overdueamountmax2date_1142D"": ""null"", ""overdueamountmax_155A"": ""double"", ""overdueamountmax_35A"": ""double"", ""overdueamountmaxdatemonth_284T"": ""double"", ""overdueamountmaxdatemonth_365T"": ""double"", ""overdueamountmaxdateyear_2T"": ""double"", ""overdueamountmaxdateyear_994T"": ""double"", ""periodicityofpmts_1102L"": ""double"", ""periodicityofpmts_837L"": ""double"", ""prolongationcount_1120L"": ""double"", ""prolongationcount_599L"": ""double"", ""purposeofcred_426M"": ""string"", ""purposeofcred_874M"": ""string"", ""refreshdate_3813885D"": ""string"", ""residualamount_488A"": ""double"", ""residualamount_856A"": ""double"", ""subjectrole_182M"": ""string"", ""subjectrole_93M"": ""string"", ""totalamount_6A"": ""double"", ""totalamount_996A"": ""double"", ""totaldebtoverduevalue_178A"": ""double"", ""totaldebtoverduevalue_718A"": ""double"", ""totaloutstanddebtvalue_39A"": ""double"", ""totaloutstanddebtvalue_668A"": ""double""}"
test_credit_bureau_a_1_3.parquet,parquet_files\test\test_credit_bureau_a_1_3.parquet,61325,0.06,test,credit_bureau_a,1,3,feature_table,True,credit_bureau_a__depth_1,10,1,79,True,False,case_id + num_group1,True,dateofcredend_289D | dateofcredend_353D | dateofcredstart_181D | dateofcredstart_739D | dateofrealrepmt_138D | lastupdate_1112D | lastupdate_388D | numberofoverdueinstlmaxdat_148D | numberofoverdueinstlmaxdat_641D | overdueamountmax2date_1002D | overdueamountmax2date_1142D | refreshdate_3813885D,ee36115b60cca798,9c878cb3b9eeab89,"{""annualeffectiverate_199L"": ""double"", ""annualeffectiverate_63L"": ""double"", ""case_id"": ""int64"", ""classificationofcontr_13M"": ""string"", ""classificationofcontr_400M"": ""string"", ""contractst_545M"": ""string"", ""contractst_964M"": ""string"", ""contractsum_5085717L"": ""double"", ""credlmt_230A"": ""double"", ""credlmt_935A"": ""double"", ""dateofcredend_289D"": ""string"", ""dateofcredend_353D"": ""string"", ""dateofcredstart_181D"": ""string"", ""dateofcredstart_739D"": ""string"", ""dateofrealrepmt_138D"": ""string"", ""debtoutstand_525A"": ""double"", ""debtoverdue_47A"": ""double"", ""description_351M"": ""string"", ""dpdmax_139P"": ""double"", ""dpdmax_757P"": ""double"", ""dpdmaxdatemonth_442T"": ""double"", ""dpdmaxdatemonth_89T"": ""double"", ""dpdmaxdateyear_596T"": ""double"", ""dpdmaxdateyear_896T"": ""double"", ""financialinstitution_382M"": ""string"", ""financialinstitution_591M"": ""string"", ""instlamount_768A"": ""double"", ""instlamount_852A"": ""double"", ""interestrate_508L"": ""double"", ""lastupdate_1112D"": ""string"", ""lastupdate_388D"": ""string"", ""monthlyinstlamount_332A"": ""double"", ""monthlyinstlamount_674A"": ""double"", ""nominalrate_281L"": ""double"", ""nominalrate_498L"": ""double"", ""num_group1"": ""double"", ""numberofcontrsvalue_258L"": ""double"", ""numberofcontrsvalue_358L"": ""double"", ""numberofinstls_229L"": ""double"", ""numberofinstls_320L"": ""double"", ""numberofoutstandinstls_520L"": ""double"", ""numberofoutstandinstls_59L"": ""double"", ""numberofoverdueinstlmax_1039L"": ""double"", ""numberofoverdueinstlmax_1151L"": ""double"", ""numberofoverdueinstlmaxdat_148D"": ""string"", ""numberofoverdueinstlmaxdat_641D"": ""null"", ""numberofoverdueinstls_725L"": ""double"", ""numberofoverdueinstls_834L"": ""double"", ""outstandingamount_354A"": ""double"", ""outstandingamount_362A"": ""double"", ""overdueamount_31A"": ""double"", ""overdueamount_659A"": ""double"", ""overdueamountmax2_14A"": ""double"", ""overdueamountmax2_398A"": ""double"", ""overdueamountmax2date_1002D"": ""string"", ""overdueamountmax2date_1142D"": ""null"", ""overdueamountmax_155A"": ""double"", ""overdueamountmax_35A"": ""double"", ""overdueamountmaxdatemonth_284T"": ""double"", ""overdueamountmaxdatemonth_365T"": ""double"", ""overdueamountmaxdateyear_2T"": ""double"", ""overdueamountmaxdateyear_994T"": ""double"", ""periodicityofpmts_1102L"": ""double"", ""periodicityofpmts_837L"": ""double"", ""prolongationcount_1120L"": ""double"", ""prolongationcount_599L"": ""double"", ""purposeofcred_426M"": ""string"", ""purposeofcred_874M"": ""string"", ""refreshdate_3813885D"": ""string"", ""residualamount_488A"": ""double"", ""residualamount_856A"": ""double"", ""subjectrole_182M"": ""string"", ""subjectrole_93M"": ""string"", ""totalamount_6A"": ""double"", ""totalamount_996A"": ""double"", ""totaldebtoverduevalue_178A"": ""double"", ""totaldebtoverduevalue_718A"": ""double"", ""totaloutstanddebtvalue_39A"": ""double"", ""totaloutstanddebtvalue_668A"": ""double""}"
test_credit_bureau_a_1_4.parquet,parquet_files\test\test_credit_bureau_a_1_4.parquet,60115,0.06,test,credit_bureau_a,1,4,feature_table,True,credit_bureau_a__depth_1,10,1,79,True,False,case_id + num_group1,True,dateofcredend_289D | dateofcredend_353D | dateofcredstart_181D | dateofcredstart_739D | dateofrealrepmt_138D | lastupdate_1112D | lastupdate_388D | numberofoverdueinstlmaxdat_148D | numberofoverdueinstlmaxdat_641D | overdueamountmax2date_1002D | overdueamountmax2date_1142D | refreshdate_3813885D,ee36115b60cca798,1a125200afc5e523,"{""annualeffectiverate_199L"": ""double"", ""annualeffectiverate_63L"": ""double"", ""case_id"": ""int64"", ""classificationofcontr_13M"": ""string"", ""classificationofcontr_400M"": ""string"", ""contractst_545M"": ""string"", ""contractst_964M"": ""string"", ""contractsum_5085717L"": ""double"", ""credlmt_230A"": ""double"", ""credlmt_935A"": ""double"", ""dateofcredend_289D"": ""string"", ""dateofcredend_353D"": ""string"", ""dateofcredstart_181D"": ""string"", ""dateofcredstart_739D"": ""string"", ""dateofrealrepmt_138D"": ""string"", ""debtoutstand_525A"": ""double"", ""debtoverdue_47A"": ""double"", ""description_351M"": ""string"", ""dpdmax_139P"": ""double"", ""dpdmax_757P"": ""double"", ""dpdmaxdatemonth_442T"": ""double"", ""dpdmaxdatemonth_89T"": ""double"", ""dpdmaxdateyear_596T"": ""double"", ""dpdmaxdateyear_896T"": ""double"", ""financialinstitution_382M"": ""string"", ""financialinstitution_591M"": ""string"", ""instlamount_768A"": ""double"", ""instlamount_852A"": ""double"", ""interestrate_508L"": ""double"", ""lastupdate_1112D"": ""string"", ""lastupdate_388D"": ""string"", ""monthlyinstlamount_332A"": ""double"", ""monthlyinstlamount_674A"": ""double"", ""nominalrate_281L"": ""double"", ""nominalrate_498L"": ""double"", ""num_group1"": ""int64"", ""numberofcontrsvalue_258L"": ""double"", ""numberofcontrsvalue_358L"": ""double"", ""numberofinstls_229L"": ""double"", ""numberofinstls_320L"": ""double"", ""numberofoutstandinstls_520L"": ""double"", ""numberofoutstandinstls_59L"": ""double"", ""numberofoverdueinstlmax_1039L"": ""double"", ""numberofoverdueinstlmax_1151L"": ""double"", ""numberofoverdueinstlmaxdat_148D"": ""string"", ""numberofoverdueinstlmaxdat_641D"": ""string"", ""numberofoverdueinstls_725L"": ""double"", ""numberofoverdueinstls_834L"": ""double"", ""outstandingamount_354A"": ""double"", ""outstandingamount_362A"": ""double"", ""overdueamount_31A"": ""double"", ""overdueamount_659A"": ""double"", ""overdueamountmax2_14A"": ""double"", ""overdueamountmax2_398A"": ""double"", ""overdueamountmax2date_1002D"": ""string"", ""overdueamountmax2date_1142D"": ""string"", ""overdueamountmax_155A"": ""double"", ""overdueamountmax_35A"": ""double"", ""overdueamountmaxdatemonth_284T"": ""double"", ""overdueamountmaxdatemonth_365T"": ""double"", ""overdueamountmaxdateyear_2T"": ""double"", ""overdueamountmaxdateyear_994T"": ""double"", ""periodicityofpmts_1102L"": ""double"", ""periodicityofpmts_837L"": ""double"", ""prolongationcount_1120L"": ""double"", ""prolongationcount_599L"": ""double"", ""purposeofcred_426M"": ""string"", ""purposeofcred_874M"": ""string"", ""refreshdate_3813885D"": ""string"", ""residualamount_488A"": ""double"", ""residualamount_856A"": ""double"", ""subjectrole_182M"": ""string"", ""subjectrole_93M"": ""string"", ""totalamount_6A"": ""double"", ""totalamount_996A"": ""double"", ""totaldebtoverduevalue_178A"": ""double"", ""totaldebtoverduevalue_718A"": ""double"", ""totaloutstanddebtvalue_39A"": ""double"", ""totaloutstanddebtvalue_668A"": ""double""}"
test_credit_bureau_a_2_0.parquet,parquet_files\test\test_credit_bureau_a_2_0.parquet,14361,0.01,test,credit_bureau_a,2,0,feature_table,True,credit_bureau_a__depth_2,10,1,19,True,False,case_id + num_group1 + num_group2,True,,2b5990d735deb1c5,a800a9694e76b16e,"{""case_id"": ""int64"", ""collater_typofvalofguarant_298M"": ""string"", ""collater_typofvalofguarant_407M"": ""string"", ""collater_valueofguarantee_1124L"": ""double"", ""collater_valueofguarantee_876L"": ""double"", ""collaterals_typeofguarante_359M"": ""string"", ""collaterals_typeofguarante_669M"": ""string"", ""num_group1"": ""int64"", ""num_group2"": ""int64"", ""pmts_dpd_1073P"": ""double"", ""pmts_dpd_303P"": ""double"", ""pmts_month_158T"": ""double"", ""pmts_month_706T"": ""double"", ""pmts_overdue_1140A"": ""double"", ""pmts_overdue_1152A"": ""double"", ""pmts_year_1139T"": ""double"", ""pmts_year_507T"": ""double"", ""subjectroles_name_541M"": ""string"", ""subjectroles_name_838M"": ""string""}"
test_credit_bureau_a_2_1.parquet,parquet_files\test\test_credit_bureau_a_2_1.parquet,14951,0.01,test,credit_bureau_a,2,1,feature_table,True,credit_bureau_a__depth_2,10,1,19,True,False,case_id + num_group1 + num_group2,True,,2b5990d735deb1c5,a800a9694e76b16e,"{""case_id"": ""int64"", ""collater_typofvalofguarant_298M"": ""string"", ""collater_typofvalofguarant_407M"": ""string"", ""collater_valueofguarantee_1124L"": ""double"", ""collater_valueofguarantee_876L"": ""double"", ""collaterals_typeofguarante_359M"": ""string"", ""collaterals_typeofguarante_669M"": ""string"", ""num_group1"": ""int64"", ""num_group2"": ""int64"", ""pmts_dpd_1073P"": ""double"", ""pmts_dpd_303P"": ""double"", ""pmts_month_158T"": ""double"", ""pmts_month_706T"": ""double"", ""pmts_overdue_1140A"": ""double"", ""pmts_overdue_1152A"": ""double"", ""pmts_year_1139T"": ""double"", ""pmts_year_507T"": ""double"", ""subjectroles_name_541M"": ""string"", ""subjectroles_name_838M"": ""string""}"
test_credit_bureau_a_2_2.parquet,parquet_files\test\test_credit_bureau_a_2_2.parquet,14189,0.01,test,credit_bureau_a,2,2,feature_table,True,credit_bureau_a__depth_2,10,1,19,True,False,case_id + num_group1 + num_group2,True,,2b5990d735deb1c5,a800a9694e76b16e,"{""case_id"": ""int64"", ""collater_typofvalofguarant_298M"": ""string"", ""collater_typofvalofguarant_407M"": ""string"", ""collater_valueofguarantee_1124L"": ""double"", ""collater_valueofguarantee_876L"": ""double"", ""collaterals_typeofguarante_359M"": ""string"", ""collaterals_typeofguarante_669M"": ""string"", ""num_group1"": ""int64"", ""num_group2"": ""int64"", ""pmts_dpd_1073P"": ""double"", ""pmts_dpd_303P"": ""double"", ""pmts_month_158T"": ""double"", ""pmts_month_706T"": ""double"", ""pmts_overdue_1140A"": ""double"", ""pmts_overdue_1152A"": ""double"", ""pmts_year_1139T"": ""double"", ""pmts_year_507T"": ""double"", ""subjectroles_name_541M"": ""string"", ""subjectroles_name_838M"": ""string""}"
test_credit_bureau_a_2_3.parquet,parquet_files\test\test_credit_bureau_a_2_3.parquet,14603,0.01,test,credit_bureau_a,2,3,feature_table,True,credit_bureau_a__depth_2,10,1,19,True,False,case_id + num_group1 + num_group2,True,,2b5990d735deb1c5,a800a9694e76b16e,"{""case_id"": ""int64"", ""collater_typofvalofguarant_298M"": ""string"", ""collater_typofvalofguarant_407M"": ""string"", ""collater_valueofguarantee_1124L"": ""double"", ""collater_valueofguarantee_876L"": ""double"", ""collaterals_typeofguarante_359M"": ""string"", ""collaterals_typeofguarante_669M"": ""string"", ""num_group1"": ""int64"", ""num_group2"": ""int64"", ""pmts_dpd_1073P"": ""double"", ""pmts_dpd_303P"": ""double"", ""pmts_month_158T"": ""double"", ""pmts_month_706T"": ""double"", ""pmts_overdue_1140A"": ""double"", ""pmts_overdue_1152A"": ""double"", ""pmts_year_1139T"": ""double"", ""pmts_year_507T"": ""double"", ""subjectroles_name_541M"": ""string"", ""subjectroles_name_838M"": ""string""}"
test_credit_bureau_a_2_4.parquet,parquet_files\test\test_credit_bureau_a_2_4.parquet,14973,0.01,test,credit_bureau_a,2,4,feature_table,True,credit_bureau_a__depth_2,10,1,19,True,False,case_id + num_group1 + num_group2,True,,2b5990d735deb1c5,a800a9694e76b16e,"{""case_id"": ""int64"", ""collater_typofvalofguarant_298M"": ""string"", ""collater_typofvalofguarant_407M"": ""string"", ""collater_valueofguarantee_1124L"": ""double"", ""collater_valueofguarantee_876L"": ""double"", ""collaterals_typeofguarante_359M"": ""string"", ""collaterals_typeofguarante_669M"": ""string"", ""num_group1"": ""int64"", ""num_group2"": ""int64"", ""pmts_dpd_1073P"": ""double"", ""pmts_dpd_303P"": ""double"", ""pmts_month_158T"": ""double"", ""pmts_month_706T"": ""double"", ""pmts_overdue_1140A"": ""double"", ""pmts_overdue_1152A"": ""double"", ""pmts_year_1139T"": ""double"", ""pmts_year_507T"": ""double"", ""subjectroles_name_541M"": ""string"", ""subjectroles_name_838M"": ""string""}"
test_credit_bureau_a_2_5.parquet,parquet_files\test\test_credit_bureau_a_2_5.parquet,14232,0.01,test,credit_bureau_a,2,5,feature_table,True,credit_bureau_a__depth_2,10,1,19,True,False,case_id + num_group1 + num_group2,True,,2b5990d735deb1c5,a800a9694e76b16e,"{""case_id"": ""int64"", ""collater_typofvalofguarant_298M"": ""string"", ""collater_typofvalofguarant_407M"": ""string"", ""collater_valueofguarantee_1124L"": ""double"", ""collater_valueofguarantee_876L"": ""double"", ""collaterals_typeofguarante_359M"": ""string"", ""collaterals_typeofguarante_669M"": ""string"", ""num_group1"": ""int64"", ""num_group2"": ""int64"", ""pmts_dpd_1073P"": ""double"", ""pmts_dpd_303P"": ""double"", ""pmts_month_158T"": ""double"", ""pmts_month_706T"": ""double"", ""pmts_overdue_1140A"": ""double"", ""pmts_overdue_1152A"": ""double"", ""pmts_year_1139T"": ""double"", ""pmts_year_507T"": ""double"", ""subjectroles_name_541M"": ""string"", ""subjectroles_name_838M"": ""string""}"
test_credit_bureau_a_2_6.parquet,parquet_files\test\test_credit_bureau_a_2_6.parquet,14691,0.01,test,credit_bureau_a,2,6,feature_table,True,credit_bureau_a__depth_2,10,1,19,True,False,case_id + num_group1 + num_group2,True,,2b5990d735deb1c5,a800a9694e76b16e,"{""case_id"": ""int64"", ""collater_typofvalofguarant_298M"": ""string"", ""collater_typofvalofguarant_407M"": ""string"", ""collater_valueofguarantee_1124L"": ""double"", ""collater_valueofguarantee_876L"": ""double"", ""collaterals_typeofguarante_359M"": ""string"", ""collaterals_typeofguarante_669M"": ""string"", ""num_group1"": ""int64"", ""num_group2"": ""int64"", ""pmts_dpd_1073P"": ""double"", ""pmts_dpd_303P"": ""double"", ""pmts_month_158T"": ""double"", ""pmts_month_706T"": ""double"", ""pmts_overdue_1140A"": ""double"", ""pmts_overdue_1152A"": ""double"", ""pmts_year_1139T"": ""double"", ""pmts_year_507T"": ""double"", ""subjectroles_name_541M"": ""string"", ""subjectroles_name_838M"": ""string""}"
test_credit_bureau_a_2_7.parquet,parquet_files\test\test_credit_bureau_a_2_7.parquet,14933,0.01,test,credit_bureau_a,2,7,feature_table,True,credit_bureau_a__depth_2,10,1,19,True,False,case_id + num_group1 + num_group2,True,,2b5990d735deb1c5,a800a9694e76b16e,"{""case_id"": ""int64"", ""collater_typofvalofguarant_298M"": ""string"", ""collater_typofvalofguarant_407M"": ""string"", ""collater_valueofguarantee_1124L"": ""double"", ""collater_valueofguarantee_876L"": ""double"", ""collaterals_typeofguarante_359M"": ""string"", ""collaterals_typeofguarante_669M"": ""string"", ""num_group1"": ""int64"", ""num_group2"": ""int64"", ""pmts_dpd_1073P"": ""double"", ""pmts_dpd_303P"": ""double"", ""pmts_month_158T"": ""double"", ""pmts_month_706T"": ""double"", ""pmts_overdue_1140A"": ""double"", ""pmts_overdue_1152A"": ""double"", ""pmts_year_1139T"": ""double"", ""pmts_year_507T"": ""double"", ""subjectroles_name_541M"": ""string"", ""subjectroles_name_838M"": ""string""}"
test_credit_bureau_a_2_8.parquet,parquet_files\test\test_credit_bureau_a_2_8.parquet,14333,0.01,test,credit_bureau_a,2,8,feature_table,True,credit_bureau_a__depth_2,10,1,19,True,False,case_id + num_group1 + num_group2,True,,2b5990d735deb1c5,a800a9694e76b16e,"{""case_id"": ""int64"", ""collater_typofvalofguarant_298M"": ""string"", ""collater_typofvalofguarant_407M"": ""string"", ""collater_valueofguarantee_1124L"": ""double"", ""collater_valueofguarantee_876L"": ""double"", ""collaterals_typeofguarante_359M"": ""string"", ""collaterals_typeofguarante_669M"": ""string"", ""num_group1"": ""int64"", ""num_group2"": ""int64"", ""pmts_dpd_1073P"": ""double"", ""pmts_dpd_303P"": ""double"", ""pmts_month_158T"": ""double"", ""pmts_month_706T"": ""double"", ""pmts_overdue_1140A"": ""double"", ""pmts_overdue_1152A"": ""double"", ""pmts_year_1139T"": ""double"", ""pmts_year_507T"": ""double"", ""subjectroles_name_541M"": ""string"", ""subjectroles_name_838M"": ""string""}"
test_credit_bureau_a_2_9.parquet,parquet_files\test\test_credit_bureau_a_2_9.parquet,14316,0.01,test,credit_bureau_a,2,9,feature_table,True,credit_bureau_a__depth_2,10,1,19,True,False,case_id + num_group1 + num_group2,True,,2b5990d735deb1c5,a800a9694e76b16e,"{""case_id"": ""int64"", ""collater_typofvalofguarant_298M"": ""string"", ""collater_typofvalofguarant_407M"": ""string"", ""collater_valueofguarantee_1124L"": ""double"", ""collater_valueofguarantee_876L"": ""double"", ""collaterals_typeofguarante_359M"": ""string"", ""collaterals_typeofguarante_669M"": ""string"", ""num_group1"": ""int64"", ""num_group2"": ""int64"", ""pmts_dpd_1073P"": ""double"", ""pmts_dpd_303P"": ""double"", ""pmts_month_158T"": ""double"", ""pmts_month_706T"": ""double"", ""pmts_overdue_1140A"": ""double"", ""pmts_overdue_1152A"": ""double"", ""pmts_year_1139T"": ""double"", ""pmts_year_507T"": ""double"", ""subjectroles_name_541M"": ""string"", ""subjectroles_name_838M"": ""string""}"
test_credit_bureau_a_2_10.parquet,parquet_files\test\test_credit_bureau_a_2_10.parquet,14679,0.01,test,credit_bureau_a,2,10,feature_table,True,credit_bureau_a__depth_2,10,1,19,True,False,case_id + num_group1 + num_group2,True,,2b5990d735deb1c5,a800a9694e76b16e,"{""case_id"": ""int64"", ""collater_typofvalofguarant_298M"": ""string"", ""collater_typofvalofguarant_407M"": ""string"", ""collater_valueofguarantee_1124L"": ""double"", ""collater_valueofguarantee_876L"": ""double"", ""collaterals_typeofguarante_359M"": ""string"", ""collaterals_typeofguarante_669M"": ""string"", ""num_group1"": ""int64"", ""num_group2"": ""int64"", ""pmts_dpd_1073P"": ""double"", ""pmts_dpd_303P"": ""double"", ""pmts_month_158T"": ""double"", ""pmts_month_706T"": ""double"", ""pmts_overdue_1140A"": ""double"", ""pmts_overdue_1152A"": ""double"", ""pmts_year_1139T"": ""double"", ""pmts_year_507T"": ""double"", ""subjectroles_name_541M"": ""string"", ""subjectroles_name_838M"": ""string""}"
test_credit_bureau_a_2_11.parquet,parquet_files\test\test_credit_bureau_a_2_11.parquet,14679,0.01,test,credit_bureau_a,2,11,feature_table,True,credit_bureau_a__depth_2,10,1,19,True,False,case_id + num_group1 + num_group2,True,,2b5990d735deb1c5,a800a9694e76b16e,"{""case_id"": ""int64"", ""collater_typofvalofguarant_298M"": ""string"", ""collater_typofvalofguarant_407M"": ""string"", ""collater_valueofguarantee_1124L"": ""double"", ""collater_valueofguarantee_876L"": ""double"", ""collaterals_typeofguarante_359M"": ""string"", ""collaterals_typeofguarante_669M"": ""string"", ""num_group1"": ""int64"", ""num_group2"": ""int64"", ""pmts_dpd_1073P"": ""double"", ""pmts_dpd_303P"": ""double"", ""pmts_month_158T"": ""double"", ""pmts_month_706T"": ""double"", ""pmts_overdue_1140A"": ""double"", ""pmts_overdue_1152A"": ""double"", ""pmts_year_1139T"": ""double"", ""pmts_year_507T"": ""double"", ""subjectroles_name_541M"": ""string"", ""subjectroles_name_838M"": ""string""}"
test_credit_bureau_b_1.parquet,parquet_files\test\test_credit_bureau_b_1.parquet,34435,0.03,test,credit_bureau_b,1,,feature_table,False,credit_bureau_b__depth_1,10,1,45,True,False,case_id + num_group1,True,contractdate_551D | contractmaturitydate_151D | lastupdate_260D,fb286023d19b0376,522e88897cf5212a,"{""amount_1115A"": ""double"", ""case_id"": ""int64"", ""classificationofcontr_1114M"": ""string"", ""contractdate_551D"": ""string"", ""contractmaturitydate_151D"": ""string"", ""contractst_516M"": ""string"", ""contracttype_653M"": ""string"", ""credlmt_1052A"": ""double"", ""credlmt_228A"": ""double"", ""credlmt_3940954A"": ""double"", ""credor_3940957M"": ""string"", ""credquantity_1099L"": ""double"", ""credquantity_984L"": ""double"", ""debtpastduevalue_732A"": ""double"", ""debtvalue_227A"": ""double"", ""dpd_550P"": ""double"", ""dpd_733P"": ""double"", ""dpdmax_851P"": ""double"", ""dpdmaxdatemonth_804T"": ""double"", ""dpdmaxdateyear_742T"": ""double"", ""installmentamount_644A"": ""double"", ""installmentamount_833A"": ""double"", ""instlamount_892A"": ""double"", ""interesteffectiverate_369L"": ""double"", ""interestrateyearly_538L"": ""double"", ""lastupdate_260D"": ""string"", ""maxdebtpduevalodued_3940955A"": ""double"", ""num_group1"": ""int64"", ""numberofinstls_810L"": ""double"", ""overdueamountmax_950A"": ""double"", ""overdueamountmaxdatemonth_494T"": ""double"", ""overdueamountmaxdateyear_432T"": ""double"", ""periodicityofpmts_997L"": ""null"", ""periodicityofpmts_997M"": ""string"", ""pmtdaysoverdue_1135P"": ""double"", ""pmtmethod_731M"": ""string"", ""pmtnumpending_403L"": ""double"", ""purposeofcred_722M"": ""string"", ""residualamount_1093A"": ""double"", ""residualamount_127A"": ""double"", ""residualamount_3940956A"": ""double"", ""subjectrole_326M"": ""string"", ""subjectrole_43M"": ""string"", ""totalamount_503A"": ""double"", ""totalamount_881A"": ""double""}"
test_credit_bureau_b_2.parquet,parquet_files\test\test_credit_bureau_b_2.parquet,4920,0.0,test,credit_bureau_b,2,,feature_table,False,credit_bureau_b__depth_2,10,1,6,True,False,case_id + num_group1 + num_group2,True,pmts_date_1107D,f70d1e1fb8ba57c3,093a798b5723790c,"{""case_id"": ""int64"", ""num_group1"": ""int64"", ""num_group2"": ""int64"", ""pmts_date_1107D"": ""string"", ""pmts_dpdvalue_108P"": ""double"", ""pmts_pmtsoverdue_635A"": ""double""}"
test_debitcard_1.parquet,parquet_files\test\test_debitcard_1.parquet,4779,0.0,test,debitcard,1,,feature_table,False,debitcard__depth_1,10,1,6,True,False,case_id + num_group1,True,openingdate_857D,eb719fe6f97636c4,26f4e5f911fb2907,"{""case_id"": ""int64"", ""last180dayaveragebalance_704A"": ""double"", ""last180dayturnover_1134A"": ""double"", ""last30dayturnover_651A"": ""double"", ""num_group1"": ""int64"", ""openingdate_857D"": ""string""}"
test_deposit_1.parquet,parquet_files\test\test_deposit_1.parquet,4225,0.0,test,deposit,1,,feature_table,False,deposit__depth_1,10,1,5,True,False,case_id + num_group1,True,contractenddate_991D | openingdate_313D,4fd584e12c073a8b,c2d423a423cfaf91,"{""amount_416A"": ""double"", ""case_id"": ""int64"", ""contractenddate_991D"": ""string"", ""num_group1"": ""int64"", ""openingdate_313D"": ""string""}"
test_other_1.parquet,parquet_files\test\test_other_1.parquet,6247,0.01,test,other,1,,feature_table,False,other__depth_1,10,1,7,True,False,case_id + num_group1,True,,085e8dac4074b1bd,29fceb2fc1b11a53,"{""amtdebitincoming_4809443A"": ""double"", ""amtdebitoutgoing_4809440A"": ""double"", ""amtdepositbalance_4809441A"": ""double"", ""amtdepositincoming_4809444A"": ""double"", ""amtdepositoutgoing_4809442A"": ""double"", ""case_id"": ""int64"", ""num_group1"": ""int64""}"
test_person_1.parquet,parquet_files\test\test_person_1.parquet,25868,0.02,test,person,1,,feature_table,False,person__depth_1,10,1,37,True,False,case_id + num_group1,True,birth_259D | birthdate_87D | empl_employedfrom_271D,5455fe4184392dc7,f5461840eb36dac5,"{""birth_259D"": ""string"", ""birthdate_87D"": ""string"", ""case_id"": ""int64"", ""childnum_185L"": ""double"", ""contaddr_district_15M"": ""string"", ""contaddr_matchlist_1032L"": ""bool"", ""contaddr_smempladdr_334L"": ""bool"", ""contaddr_zipcode_807M"": ""string"", ""education_927M"": ""string"", ""empl_employedfrom_271D"": ""string"", ""empl_employedtotal_800L"": ""null"", ""empl_industry_691L"": ""null"", ""empladdr_district_926M"": ""string"", ""empladdr_zipcode_114M"": ""string"", ""familystate_447L"": ""string"", ""gender_992L"": ""string"", ""housetype_905L"": ""string"", ""housingtype_772L"": ""string"", ""incometype_1044T"": ""string"", ""isreference_387L"": ""bool"", ""language1_981M"": ""string"", ""mainoccupationinc_384A"": ""double"", ""maritalst_703L"": ""string"", ""num_group1"": ""int64"", ""personindex_1023L"": ""double"", ""persontype_1072L"": ""double"", ""persontype_792L"": ""double"", ""registaddr_district_1083M"": ""string"", ""registaddr_zipcode_184M"": ""string"", ""relationshiptoclient_415T"": ""string"", ""relationshiptoclient_642T"": ""string"", ""remitter_829L"": ""bool"", ""role_1084L"": ""string"", ""role_993L"": ""string"", ""safeguarantyflag_411L"": ""bool"", ""sex_738L"": ""string"", ""type_25L"": ""string""}"
test_person_2.parquet,parquet_files\test\test_person_2.parquet,8401,0.01,test,person,2,,feature_table,False,person__depth_2,10,1,11,True,False,case_id + num_group1 + num_group2,True,empls_employedfrom_796D,62ac088dea0ccbdc,fcedd09d350f3958,"{""addres_district_368M"": ""string"", ""addres_role_871L"": ""string"", ""addres_zip_823M"": ""string"", ""case_id"": ""int64"", ""conts_role_79M"": ""string"", ""empls_economicalst_849M"": ""string"", ""empls_employedfrom_796D"": ""null"", ""empls_employer_name_740M"": ""string"", ""num_group1"": ""int64"", ""num_group2"": ""int64"", ""relatedpersons_role_762T"": ""string""}"
test_static_0_0.parquet,parquet_files\test\test_static_0_0.parquet,131324,0.13,test,static,0,0,feature_table,True,static__depth_0,10,1,168,True,False,case_id,True,datefirstoffer_1144D | datelastinstal40dpd_247D | datelastunpaid_3546854D | dtlastpmtallstes_4499206D | firstclxcampaign_1125D | firstdatedue_489D | lastactivateddate_801D | lastapplicationdate_877D | lastapprdate_640D | lastdelinqdate_224D | lastrejectdate_50D | lastrepayingdate_696D | maxdpdinstldate_3546855D | payvacationpostpone_4187118D | validfrom_1069D,e1b22a1881066df0,ac39a3bc0ec530cf,"{""actualdpdtolerance_344P"": ""double"", ""amtinstpaidbefduel24m_4187115A"": ""double"", ""annuity_780A"": ""double"", ""annuitynextmonth_57A"": ""double"", ""applicationcnt_361L"": ""double"", ""applications30d_658L"": ""double"", ""applicationscnt_1086L"": ""double"", ""applicationscnt_464L"": ""double"", ""applicationscnt_629L"": ""double"", ""applicationscnt_867L"": ""double"", ""avgdbddpdlast24m_3658932P"": ""double"", ""avgdbddpdlast3m_4187120P"": ""double"", ""avgdbdtollast24m_4525197P"": ""double"", ""avgdpdtolclosure24_3658938P"": ""double"", ""avginstallast24m_3658937A"": ""double"", ""avglnamtstart24m_4525187A"": ""double"", ""avgmaxdpdlast9m_3716943P"": ""double"", ""avgoutstandbalancel6m_4187114A"": ""double"", ""avgpmtlast12m_4525200A"": ""double"", ""bankacctype_710L"": ""string"", ""cardtype_51L"": ""string"", ""case_id"": ""int64"", ""clientscnt12m_3712952L"": ""double"", ""clientscnt3m_3712950L"": ""double"", ""clientscnt6m_3712949L"": ""double"", ""clientscnt_100L"": ""double"", ""clientscnt_1022L"": ""double"", ""clientscnt_1071L"": ""double"", ""clientscnt_1130L"": ""double"", ""clientscnt_136L"": ""double"", ""clientscnt_157L"": ""double"", ""clientscnt_257L"": ""double"", ""clientscnt_304L"": ""double"", ""clientscnt_360L"": ""double"", ""clientscnt_493L"": ""double"", ""clientscnt_533L"": ""double"", ""clientscnt_887L"": ""double"", ""clientscnt_946L"": ""double"", ""cntincpaycont9m_3716944L"": ""double"", ""cntpmts24_3658933L"": ""double"", ""commnoinclast6m_3546845L"": ""double"", ""credamount_770A"": ""double"", ""credtype_322L"": ""string"", ""currdebt_22A"": ""double"", ""currdebtcredtyperange_828A"": ""double"", ""datefirstoffer_1144D"": ""string"", ""datelastinstal40dpd_247D"": ""string"", ""datelastunpaid_3546854D"": ""string"", ""daysoverduetolerancedd_3976961L"": ""double"", ""deferredmnthsnum_166L"": ""double"", ""disbursedcredamount_1113A"": ""double"", ""disbursementtype_67L"": ""string"", ""downpmt_116A"": ""double"", ""dtlastpmtallstes_4499206D"": ""string"", ""eir_270L"": ""double"", ""equalitydataagreement_891L"": ""bool"", ""equalityempfrom_62L"": ""null"", ""firstclxcampaign_1125D"": ""string"", ""firstdatedue_489D"": ""string"", ""homephncnt_628L"": ""double"", ""inittransactionamount_650A"": ""double"", ""inittransactioncode_186L"": ""string"", ""interestrate_311L"": ""double"", ""interestrategrace_34L"": ""double"", ""isbidproduct_1095L"": ""bool"", ""isbidproductrequest_292L"": ""bool"", ""isdebitcard_729L"": ""bool"", ""lastactivateddate_801D"": ""string"", ""lastapplicationdate_877D"": ""string"", ""lastapprcommoditycat_1041M"": ""string"", ""lastapprcommoditytypec_5251766M"": ""string"", ""lastapprcredamount_781A"": ""double"", ""lastapprdate_640D"": ""string"", ""lastcancelreason_561M"": ""string"", ""lastdelinqdate_224D"": ""string"", ""lastdependentsnum_448L"": ""double"", ""lastotherinc_902A"": ""double"", ""lastotherlnsexpense_631A"": ""double"", ""lastrejectcommoditycat_161M"": ""string"", ""lastrejectcommodtypec_5251769M"": ""string"", ""lastrejectcredamount_222A"": ""double"", ""lastrejectdate_50D"": ""string"", ""lastrejectreason_759M"": ""string"", ""lastrejectreasonclient_4145040M"": ""string"", ""lastrepayingdate_696D"": ""null"", ""lastst_736L"": ""string"", ""maininc_215A"": ""double"", ""mastercontrelectronic_519L"": ""double"", ""mastercontrexist_109L"": ""double"", ""maxannuity_159A"": ""double"", ""maxannuity_4075009A"": ""double"", ""maxdbddpdlast1m_3658939P"": ""double"", ""maxdbddpdtollast12m_3658940P"": ""double"", ""maxdbddpdtollast6m_4187119P"": ""double"", ""maxdebt4_972A"": ""double"", ""maxdpdfrom6mto36m_3546853P"": ""double"", ""maxdpdinstldate_3546855D"": ""string"", ""maxdpdinstlnum_3546846P"": ""double"", ""maxdpdlast12m_727P"": ""double"", ""maxdpdlast24m_143P"": ""double"", ""maxdpdlast3m_392P"": ""double"", ""maxdpdlast6m_474P"": ""double"", ""maxdpdlast9m_1059P"": ""double"", ""maxdpdtolerance_374P"": ""double"", ""maxinstallast24m_3658928A"": ""double"", ""maxlnamtstart6m_4525199A"": ""double"", ""maxoutstandbalancel12m_4187113A"": ""double"", ""maxpmtlast3m_4525190A"": ""double"", ""mindbddpdlast24m_3658935P"": ""double"", ""mindbdtollast24m_4525191P"": ""double"", ""mobilephncnt_593L"": ""double"", ""monthsannuity_845L"": ""double"", ""numactivecreds_622L"": ""double"", ""numactivecredschannel_414L"": ""double"", ""numactiverelcontr_750L"": ""double"", ""numcontrs3months_479L"": ""double"", ""numincomingpmts_3546848L"": ""double"", ""numinstlallpaidearly3d_817L"": ""double"", ""numinstls_657L"": ""double"", ""numinstlsallpaid_934L"": ""double"", ""numinstlswithdpd10_728L"": ""double"", ""numinstlswithdpd5_4187116L"": ""double"", ""numinstlswithoutdpd_562L"": ""double"", ""numinstmatpaidtearly2d_4499204L"": ""double"", ""numinstpaid_4499208L"": ""double"", ""numinstpaidearly3d_3546850L"": ""double"", ""numinstpaidearly3dest_4493216L"": ""double"", ""numinstpaidearly5d_1087L"": ""double"", ""numinstpaidearly5dest_4493211L"": ""double"", ""numinstpaidearly5dobd_4499205L"": ""double"", ""numinstpaidearly_338L"": ""double"", ""numinstpaidearlyest_4493214L"": ""double"", ""numinstpaidlastcontr_4325080L"": ""double"", ""numinstpaidlate1d_3546852L"": ""double"", ""numinstregularpaid_973L"": ""double"", ""numinstregularpaidest_4493210L"": ""double"", ""numinsttopaygr_769L"": ""double"", ""numinsttopaygrest_4493213L"": ""double"", ""numinstunpaidmax_3546851L"": ""double"", ""numinstunpaidmaxest_4493212L"": ""double"", ""numnotactivated_1143L"": ""double"", ""numpmtchanneldd_318L"": ""double"", ""numrejects9m_859L"": ""double"", ""opencred_647L"": ""bool"", ""paytype1st_925L"": ""string"", ""paytype_783L"": ""string"", ""payvacationpostpone_4187118D"": ""string"", ""pctinstlsallpaidearl3d_427L"": ""double"", ""pctinstlsallpaidlat10d_839L"": ""double"", ""pctinstlsallpaidlate1d_3546856L"": ""double"", ""pctinstlsallpaidlate4d_3546849L"": ""double"", ""pctinstlsallpaidlate6d_3546844L"": ""double"", ""pmtnum_254L"": ""double"", ""posfpd10lastmonth_333P"": ""double"", ""posfpd30lastmonth_3976960P"": ""double"", ""posfstqpd30lastmonth_3976962P"": ""double"", ""previouscontdistrict_112M"": ""string"", ""price_1097A"": ""double"", ""sellerplacecnt_915L"": ""double"", ""sellerplacescnt_216L"": ""double"", ""sumoutstandtotal_3546847A"": ""double"", ""sumoutstandtotalest_4493215A"": ""double"", ""totaldebt_9A"": ""double"", ""totalsettled_863A"": ""double"", ""totinstallast1m_4525188A"": ""double"", ""twobodfilling_608L"": ""string"", ""typesuite_864L"": ""string"", ""validfrom_1069D"": ""double""}"
test_static_0_1.parquet,parquet_files\test\test_static_0_1.parquet,131275,0.13,test,static,0,1,feature_table,True,static__depth_0,10,1,168,True,False,case_id,True,datefirstoffer_1144D | datelastinstal40dpd_247D | datelastunpaid_3546854D | dtlastpmtallstes_4499206D | firstclxcampaign_1125D | firstdatedue_489D | lastactivateddate_801D | lastapplicationdate_877D | lastapprdate_640D | lastdelinqdate_224D | lastrejectdate_50D | lastrepayingdate_696D | maxdpdinstldate_3546855D | payvacationpostpone_4187118D | validfrom_1069D,e1b22a1881066df0,7f0a23c74837dcf7,"{""actualdpdtolerance_344P"": ""double"", ""amtinstpaidbefduel24m_4187115A"": ""double"", ""annuity_780A"": ""double"", ""annuitynextmonth_57A"": ""double"", ""applicationcnt_361L"": ""double"", ""applications30d_658L"": ""double"", ""applicationscnt_1086L"": ""double"", ""applicationscnt_464L"": ""double"", ""applicationscnt_629L"": ""double"", ""applicationscnt_867L"": ""double"", ""avgdbddpdlast24m_3658932P"": ""double"", ""avgdbddpdlast3m_4187120P"": ""double"", ""avgdbdtollast24m_4525197P"": ""double"", ""avgdpdtolclosure24_3658938P"": ""double"", ""avginstallast24m_3658937A"": ""double"", ""avglnamtstart24m_4525187A"": ""double"", ""avgmaxdpdlast9m_3716943P"": ""double"", ""avgoutstandbalancel6m_4187114A"": ""double"", ""avgpmtlast12m_4525200A"": ""double"", ""bankacctype_710L"": ""string"", ""cardtype_51L"": ""null"", ""case_id"": ""int64"", ""clientscnt12m_3712952L"": ""double"", ""clientscnt3m_3712950L"": ""double"", ""clientscnt6m_3712949L"": ""double"", ""clientscnt_100L"": ""double"", ""clientscnt_1022L"": ""double"", ""clientscnt_1071L"": ""double"", ""clientscnt_1130L"": ""double"", ""clientscnt_136L"": ""double"", ""clientscnt_157L"": ""double"", ""clientscnt_257L"": ""double"", ""clientscnt_304L"": ""double"", ""clientscnt_360L"": ""double"", ""clientscnt_493L"": ""double"", ""clientscnt_533L"": ""double"", ""clientscnt_887L"": ""double"", ""clientscnt_946L"": ""double"", ""cntincpaycont9m_3716944L"": ""double"", ""cntpmts24_3658933L"": ""double"", ""commnoinclast6m_3546845L"": ""double"", ""credamount_770A"": ""double"", ""credtype_322L"": ""string"", ""currdebt_22A"": ""double"", ""currdebtcredtyperange_828A"": ""double"", ""datefirstoffer_1144D"": ""string"", ""datelastinstal40dpd_247D"": ""null"", ""datelastunpaid_3546854D"": ""string"", ""daysoverduetolerancedd_3976961L"": ""double"", ""deferredmnthsnum_166L"": ""double"", ""disbursedcredamount_1113A"": ""double"", ""disbursementtype_67L"": ""string"", ""downpmt_116A"": ""double"", ""dtlastpmtallstes_4499206D"": ""string"", ""eir_270L"": ""double"", ""equalitydataagreement_891L"": ""bool"", ""equalityempfrom_62L"": ""null"", ""firstclxcampaign_1125D"": ""string"", ""firstdatedue_489D"": ""string"", ""homephncnt_628L"": ""double"", ""inittransactionamount_650A"": ""double"", ""inittransactioncode_186L"": ""string"", ""interestrate_311L"": ""double"", ""interestrategrace_34L"": ""double"", ""isbidproduct_1095L"": ""bool"", ""isbidproductrequest_292L"": ""null"", ""isdebitcard_729L"": ""bool"", ""lastactivateddate_801D"": ""string"", ""lastapplicationdate_877D"": ""string"", ""lastapprcommoditycat_1041M"": ""string"", ""lastapprcommoditytypec_5251766M"": ""string"", ""lastapprcredamount_781A"": ""double"", ""lastapprdate_640D"": ""string"", ""lastcancelreason_561M"": ""string"", ""lastdelinqdate_224D"": ""string"", ""lastdependentsnum_448L"": ""double"", ""lastotherinc_902A"": ""double"", ""lastotherlnsexpense_631A"": ""double"", ""lastrejectcommoditycat_161M"": ""string"", ""lastrejectcommodtypec_5251769M"": ""string"", ""lastrejectcredamount_222A"": ""double"", ""lastrejectdate_50D"": ""string"", ""lastrejectreason_759M"": ""string"", ""lastrejectreasonclient_4145040M"": ""string"", ""lastrepayingdate_696D"": ""null"", ""lastst_736L"": ""string"", ""maininc_215A"": ""double"", ""mastercontrelectronic_519L"": ""double"", ""mastercontrexist_109L"": ""double"", ""maxannuity_159A"": ""double"", ""maxannuity_4075009A"": ""double"", ""maxdbddpdlast1m_3658939P"": ""double"", ""maxdbddpdtollast12m_3658940P"": ""double"", ""maxdbddpdtollast6m_4187119P"": ""double"", ""maxdebt4_972A"": ""double"", ""maxdpdfrom6mto36m_3546853P"": ""double"", ""maxdpdinstldate_3546855D"": ""string"", ""maxdpdinstlnum_3546846P"": ""double"", ""maxdpdlast12m_727P"": ""double"", ""maxdpdlast24m_143P"": ""double"", ""maxdpdlast3m_392P"": ""double"", ""maxdpdlast6m_474P"": ""double"", ""maxdpdlast9m_1059P"": ""double"", ""maxdpdtolerance_374P"": ""double"", ""maxinstallast24m_3658928A"": ""double"", ""maxlnamtstart6m_4525199A"": ""double"", ""maxoutstandbalancel12m_4187113A"": ""double"", ""maxpmtlast3m_4525190A"": ""double"", ""mindbddpdlast24m_3658935P"": ""double"", ""mindbdtollast24m_4525191P"": ""double"", ""mobilephncnt_593L"": ""double"", ""monthsannuity_845L"": ""double"", ""numactivecreds_622L"": ""double"", ""numactivecredschannel_414L"": ""double"", ""numactiverelcontr_750L"": ""double"", ""numcontrs3months_479L"": ""double"", ""numincomingpmts_3546848L"": ""double"", ""numinstlallpaidearly3d_817L"": ""double"", ""numinstls_657L"": ""double"", ""numinstlsallpaid_934L"": ""double"", ""numinstlswithdpd10_728L"": ""double"", ""numinstlswithdpd5_4187116L"": ""double"", ""numinstlswithoutdpd_562L"": ""double"", ""numinstmatpaidtearly2d_4499204L"": ""double"", ""numinstpaid_4499208L"": ""double"", ""numinstpaidearly3d_3546850L"": ""double"", ""numinstpaidearly3dest_4493216L"": ""double"", ""numinstpaidearly5d_1087L"": ""double"", ""numinstpaidearly5dest_4493211L"": ""double"", ""numinstpaidearly5dobd_4499205L"": ""double"", ""numinstpaidearly_338L"": ""double"", ""numinstpaidearlyest_4493214L"": ""double"", ""numinstpaidlastcontr_4325080L"": ""double"", ""numinstpaidlate1d_3546852L"": ""double"", ""numinstregularpaid_973L"": ""double"", ""numinstregularpaidest_4493210L"": ""double"", ""numinsttopaygr_769L"": ""double"", ""numinsttopaygrest_4493213L"": ""double"", ""numinstunpaidmax_3546851L"": ""double"", ""numinstunpaidmaxest_4493212L"": ""double"", ""numnotactivated_1143L"": ""double"", ""numpmtchanneldd_318L"": ""double"", ""numrejects9m_859L"": ""double"", ""opencred_647L"": ""bool"", ""paytype1st_925L"": ""string"", ""paytype_783L"": ""string"", ""payvacationpostpone_4187118D"": ""null"", ""pctinstlsallpaidearl3d_427L"": ""double"", ""pctinstlsallpaidlat10d_839L"": ""double"", ""pctinstlsallpaidlate1d_3546856L"": ""double"", ""pctinstlsallpaidlate4d_3546849L"": ""double"", ""pctinstlsallpaidlate6d_3546844L"": ""double"", ""pmtnum_254L"": ""double"", ""posfpd10lastmonth_333P"": ""double"", ""posfpd30lastmonth_3976960P"": ""double"", ""posfstqpd30lastmonth_3976962P"": ""double"", ""previouscontdistrict_112M"": ""string"", ""price_1097A"": ""double"", ""sellerplacecnt_915L"": ""double"", ""sellerplacescnt_216L"": ""double"", ""sumoutstandtotal_3546847A"": ""double"", ""sumoutstandtotalest_4493215A"": ""double"", ""totaldebt_9A"": ""double"", ""totalsettled_863A"": ""double"", ""totinstallast1m_4525188A"": ""double"", ""twobodfilling_608L"": ""string"", ""typesuite_864L"": ""string"", ""validfrom_1069D"": ""double""}"
test_static_0_2.parquet,parquet_files\test\test_static_0_2.parquet,130884,0.12,test,static,0,2,feature_table,True,static__depth_0,10,1,168,True,False,case_id,True,datefirstoffer_1144D | datelastinstal40dpd_247D | datelastunpaid_3546854D | dtlastpmtallstes_4499206D | firstclxcampaign_1125D | firstdatedue_489D | lastactivateddate_801D | lastapplicationdate_877D | lastapprdate_640D | lastdelinqdate_224D | lastrejectdate_50D | lastrepayingdate_696D | maxdpdinstldate_3546855D | payvacationpostpone_4187118D | validfrom_1069D,e1b22a1881066df0,e567453bb162c9b2,"{""actualdpdtolerance_344P"": ""double"", ""amtinstpaidbefduel24m_4187115A"": ""double"", ""annuity_780A"": ""double"", ""annuitynextmonth_57A"": ""double"", ""applicationcnt_361L"": ""double"", ""applications30d_658L"": ""double"", ""applicationscnt_1086L"": ""double"", ""applicationscnt_464L"": ""double"", ""applicationscnt_629L"": ""double"", ""applicationscnt_867L"": ""double"", ""avgdbddpdlast24m_3658932P"": ""double"", ""avgdbddpdlast3m_4187120P"": ""double"", ""avgdbdtollast24m_4525197P"": ""double"", ""avgdpdtolclosure24_3658938P"": ""double"", ""avginstallast24m_3658937A"": ""double"", ""avglnamtstart24m_4525187A"": ""double"", ""avgmaxdpdlast9m_3716943P"": ""double"", ""avgoutstandbalancel6m_4187114A"": ""double"", ""avgpmtlast12m_4525200A"": ""double"", ""bankacctype_710L"": ""string"", ""cardtype_51L"": ""string"", ""case_id"": ""int64"", ""clientscnt12m_3712952L"": ""double"", ""clientscnt3m_3712950L"": ""double"", ""clientscnt6m_3712949L"": ""double"", ""clientscnt_100L"": ""double"", ""clientscnt_1022L"": ""double"", ""clientscnt_1071L"": ""double"", ""clientscnt_1130L"": ""double"", ""clientscnt_136L"": ""double"", ""clientscnt_157L"": ""double"", ""clientscnt_257L"": ""double"", ""clientscnt_304L"": ""double"", ""clientscnt_360L"": ""double"", ""clientscnt_493L"": ""double"", ""clientscnt_533L"": ""double"", ""clientscnt_887L"": ""double"", ""clientscnt_946L"": ""double"", ""cntincpaycont9m_3716944L"": ""double"", ""cntpmts24_3658933L"": ""double"", ""commnoinclast6m_3546845L"": ""double"", ""credamount_770A"": ""double"", ""credtype_322L"": ""string"", ""currdebt_22A"": ""double"", ""currdebtcredtyperange_828A"": ""double"", ""datefirstoffer_1144D"": ""string"", ""datelastinstal40dpd_247D"": ""string"", ""datelastunpaid_3546854D"": ""string"", ""daysoverduetolerancedd_3976961L"": ""double"", ""deferredmnthsnum_166L"": ""double"", ""disbursedcredamount_1113A"": ""double"", ""disbursementtype_67L"": ""string"", ""downpmt_116A"": ""double"", ""dtlastpmtallstes_4499206D"": ""string"", ""eir_270L"": ""double"", ""equalitydataagreement_891L"": ""bool"", ""equalityempfrom_62L"": ""null"", ""firstclxcampaign_1125D"": ""string"", ""firstdatedue_489D"": ""string"", ""homephncnt_628L"": ""double"", ""inittransactionamount_650A"": ""double"", ""inittransactioncode_186L"": ""string"", ""interestrate_311L"": ""double"", ""interestrategrace_34L"": ""double"", ""isbidproduct_1095L"": ""bool"", ""isbidproductrequest_292L"": ""null"", ""isdebitcard_729L"": ""bool"", ""lastactivateddate_801D"": ""string"", ""lastapplicationdate_877D"": ""string"", ""lastapprcommoditycat_1041M"": ""string"", ""lastapprcommoditytypec_5251766M"": ""string"", ""lastapprcredamount_781A"": ""double"", ""lastapprdate_640D"": ""string"", ""lastcancelreason_561M"": ""string"", ""lastdelinqdate_224D"": ""string"", ""lastdependentsnum_448L"": ""double"", ""lastotherinc_902A"": ""double"", ""lastotherlnsexpense_631A"": ""double"", ""lastrejectcommoditycat_161M"": ""string"", ""lastrejectcommodtypec_5251769M"": ""string"", ""lastrejectcredamount_222A"": ""double"", ""lastrejectdate_50D"": ""string"", ""lastrejectreason_759M"": ""string"", ""lastrejectreasonclient_4145040M"": ""string"", ""lastrepayingdate_696D"": ""null"", ""lastst_736L"": ""string"", ""maininc_215A"": ""double"", ""mastercontrelectronic_519L"": ""double"", ""mastercontrexist_109L"": ""double"", ""maxannuity_159A"": ""double"", ""maxannuity_4075009A"": ""double"", ""maxdbddpdlast1m_3658939P"": ""double"", ""maxdbddpdtollast12m_3658940P"": ""double"", ""maxdbddpdtollast6m_4187119P"": ""double"", ""maxdebt4_972A"": ""double"", ""maxdpdfrom6mto36m_3546853P"": ""double"", ""maxdpdinstldate_3546855D"": ""string"", ""maxdpdinstlnum_3546846P"": ""double"", ""maxdpdlast12m_727P"": ""double"", ""maxdpdlast24m_143P"": ""double"", ""maxdpdlast3m_392P"": ""double"", ""maxdpdlast6m_474P"": ""double"", ""maxdpdlast9m_1059P"": ""double"", ""maxdpdtolerance_374P"": ""double"", ""maxinstallast24m_3658928A"": ""double"", ""maxlnamtstart6m_4525199A"": ""double"", ""maxoutstandbalancel12m_4187113A"": ""double"", ""maxpmtlast3m_4525190A"": ""double"", ""mindbddpdlast24m_3658935P"": ""double"", ""mindbdtollast24m_4525191P"": ""double"", ""mobilephncnt_593L"": ""double"", ""monthsannuity_845L"": ""double"", ""numactivecreds_622L"": ""double"", ""numactivecredschannel_414L"": ""double"", ""numactiverelcontr_750L"": ""double"", ""numcontrs3months_479L"": ""double"", ""numincomingpmts_3546848L"": ""double"", ""numinstlallpaidearly3d_817L"": ""double"", ""numinstls_657L"": ""double"", ""numinstlsallpaid_934L"": ""double"", ""numinstlswithdpd10_728L"": ""double"", ""numinstlswithdpd5_4187116L"": ""double"", ""numinstlswithoutdpd_562L"": ""double"", ""numinstmatpaidtearly2d_4499204L"": ""double"", ""numinstpaid_4499208L"": ""double"", ""numinstpaidearly3d_3546850L"": ""double"", ""numinstpaidearly3dest_4493216L"": ""double"", ""numinstpaidearly5d_1087L"": ""double"", ""numinstpaidearly5dest_4493211L"": ""double"", ""numinstpaidearly5dobd_4499205L"": ""double"", ""numinstpaidearly_338L"": ""double"", ""numinstpaidearlyest_4493214L"": ""double"", ""numinstpaidlastcontr_4325080L"": ""double"", ""numinstpaidlate1d_3546852L"": ""double"", ""numinstregularpaid_973L"": ""double"", ""numinstregularpaidest_4493210L"": ""double"", ""numinsttopaygr_769L"": ""double"", ""numinsttopaygrest_4493213L"": ""double"", ""numinstunpaidmax_3546851L"": ""double"", ""numinstunpaidmaxest_4493212L"": ""double"", ""numnotactivated_1143L"": ""double"", ""numpmtchanneldd_318L"": ""double"", ""numrejects9m_859L"": ""double"", ""opencred_647L"": ""bool"", ""paytype1st_925L"": ""string"", ""paytype_783L"": ""string"", ""payvacationpostpone_4187118D"": ""null"", ""pctinstlsallpaidearl3d_427L"": ""double"", ""pctinstlsallpaidlat10d_839L"": ""double"", ""pctinstlsallpaidlate1d_3546856L"": ""double"", ""pctinstlsallpaidlate4d_3546849L"": ""double"", ""pctinstlsallpaidlate6d_3546844L"": ""double"", ""pmtnum_254L"": ""double"", ""posfpd10lastmonth_333P"": ""double"", ""posfpd30lastmonth_3976960P"": ""double"", ""posfstqpd30lastmonth_3976962P"": ""double"", ""previouscontdistrict_112M"": ""string"", ""price_1097A"": ""double"", ""sellerplacecnt_915L"": ""double"", ""sellerplacescnt_216L"": ""double"", ""sumoutstandtotal_3546847A"": ""double"", ""sumoutstandtotalest_4493215A"": ""double"", ""totaldebt_9A"": ""double"", ""totalsettled_863A"": ""double"", ""totinstallast1m_4525188A"": ""double"", ""twobodfilling_608L"": ""string"", ""typesuite_864L"": ""string"", ""validfrom_1069D"": ""double""}"
test_static_cb_0.parquet,parquet_files\test\test_static_cb_0.parquet,34849,0.03,test,static_cb,0,,feature_table,False,static_cb__depth_0,10,1,53,True,False,case_id,True,assignmentdate_238D | assignmentdate_4527235D | assignmentdate_4955616D | birthdate_574D | dateofbirth_337D | dateofbirth_342D | responsedate_1012D | responsedate_4527233D | responsedate_4917613D,d6cc612f51be2631,77b6c76a5407955c,"{""assignmentdate_238D"": ""double"", ""assignmentdate_4527235D"": ""null"", ""assignmentdate_4955616D"": ""string"", ""birthdate_574D"": ""double"", ""case_id"": ""int64"", ""contractssum_5085716L"": ""double"", ""dateofbirth_337D"": ""string"", ""dateofbirth_342D"": ""null"", ""days120_123L"": ""double"", ""days180_256L"": ""double"", ""days30_165L"": ""double"", ""days360_512L"": ""double"", ""days90_310L"": ""double"", ""description_5085714M"": ""string"", ""education_1103M"": ""string"", ""education_88M"": ""string"", ""firstquarter_103L"": ""double"", ""for3years_128L"": ""double"", ""for3years_504L"": ""double"", ""for3years_584L"": ""double"", ""formonth_118L"": ""double"", ""formonth_206L"": ""double"", ""formonth_535L"": ""double"", ""forquarter_1017L"": ""double"", ""forquarter_462L"": ""double"", ""forquarter_634L"": ""double"", ""fortoday_1092L"": ""double"", ""forweek_1077L"": ""double"", ""forweek_528L"": ""double"", ""forweek_601L"": ""double"", ""foryear_618L"": ""double"", ""foryear_818L"": ""double"", ""foryear_850L"": ""double"", ""fourthquarter_440L"": ""double"", ""maritalst_385M"": ""string"", ""maritalst_893M"": ""string"", ""numberofqueries_373L"": ""double"", ""pmtaverage_3A"": ""double"", ""pmtaverage_4527227A"": ""double"", ""pmtaverage_4955615A"": ""double"", ""pmtcount_4527229L"": ""double"", ""pmtcount_4955617L"": ""double"", ""pmtcount_693L"": ""double"", ""pmtscount_423L"": ""double"", ""pmtssum_45A"": ""double"", ""requesttype_4525192L"": ""null"", ""responsedate_1012D"": ""double"", ""responsedate_4527233D"": ""null"", ""responsedate_4917613D"": ""string"", ""riskassesment_302T"": ""null"", ""riskassesment_940T"": ""double"", ""secondquarter_766L"": ""double"", ""thirdquarter_1082L"": ""double""}"
test_tax_registry_a_1.parquet,parquet_files\test\test_tax_registry_a_1.parquet,4158,0.0,test,tax_registry_a,1,,feature_table,False,tax_registry_a__depth_1,10,1,5,True,False,case_id + num_group1,True,recorddate_4527225D,dab7fb643ea39160,2bae64963722c1fb,"{""amount_4527230A"": ""double"", ""case_id"": ""int64"", ""name_4527232M"": ""string"", ""num_group1"": ""int64"", ""recorddate_4527225D"": ""string""}"
test_tax_registry_b_1.parquet,parquet_files\test\test_tax_registry_b_1.parquet,4214,0.0,test,tax_registry_b,1,,feature_table,False,tax_registry_b__depth_1,10,1,5,True,False,case_id + num_group1,True,deductiondate_4917603D,c9e3d612e994a870,4921d3eeacf521e0,"{""amount_4917619A"": ""double"", ""case_id"": ""int64"", ""deductiondate_4917603D"": ""string"", ""name_4917606M"": ""string"", ""num_group1"": ""int64""}"
test_tax_registry_c_1.parquet,parquet_files\test\test_tax_registry_c_1.parquet,3121,0.0,test,tax_registry_c,1,,feature_table,False,tax_registry_c__depth_1,0,1,5,True,False,case_id + num_group1,True,processingdate_168D,9177389840f4cb0a,6605221bdaa7f682,"{""case_id"": ""null"", ""employername_160M"": ""null"", ""num_group1"": ""null"", ""pmtamount_36A"": ""null"", ""processingdate_168D"": ""null""}"
train_applprev_1_0.parquet,parquet_files\train\train_applprev_1_0.parquet,106951598,102.0,train,applprev,1,0,feature_table,True,applprev__depth_1,3887684,4,41,True,False,case_id + num_group1,True,approvaldate_319D | creationdate_885D | dateactivated_425D | dtlastpmt_581D | dtlastpmtallstes_3545839D | employedfrom_700D | firstnonzeroinstldate_307D,a3c2dfd68b1be169,84e87ad3d06c29fc,"{""actualdpd_943P"": ""double"", ""annuity_853A"": ""double"", ""approvaldate_319D"": ""string"", ""byoccupationinc_3656910L"": ""double"", ""cancelreason_3545846M"": ""string"", ""case_id"": ""int64"", ""childnum_21L"": ""double"", ""creationdate_885D"": ""string"", ""credacc_actualbalance_314A"": ""double"", ""credacc_credlmt_575A"": ""double"", ""credacc_maxhisbal_375A"": ""double"", ""credacc_minhisbal_90A"": ""double"", ""credacc_status_367L"": ""string"", ""credacc_transactions_402L"": ""double"", ""credamount_590A"": ""double"", ""credtype_587L"": ""string"", ""currdebt_94A"": ""double"", ""dateactivated_425D"": ""string"", ""district_544M"": ""string"", ""downpmt_134A"": ""double"", ""dtlastpmt_581D"": ""string"", ""dtlastpmtallstes_3545839D"": ""string"", ""education_1138M"": ""string"", ""employedfrom_700D"": ""string"", ""familystate_726L"": ""string"", ""firstnonzeroinstldate_307D"": ""string"", ""inittransactioncode_279L"": ""string"", ""isbidproduct_390L"": ""bool"", ""isdebitcard_527L"": ""bool"", ""mainoccupationinc_437A"": ""double"", ""maxdpdtolerance_577P"": ""double"", ""num_group1"": ""int64"", ""outstandingdebt_522A"": ""double"", ""pmtnum_8L"": ""double"", ""postype_4733339M"": ""string"", ""profession_152M"": ""string"", ""rejectreason_755M"": ""string"", ""rejectreasonclient_4145042M"": ""string"", ""revolvingaccount_394A"": ""double"", ""status_219L"": ""string"", ""tenor_203L"": ""double""}"
train_applprev_1_1.parquet,parquet_files\train\train_applprev_1_1.parquet,72860971,69.49,train,applprev,1,1,feature_table,True,applprev__depth_1,2638295,3,41,True,False,case_id + num_group1,True,approvaldate_319D | creationdate_885D | dateactivated_425D | dtlastpmt_581D | dtlastpmtallstes_3545839D | employedfrom_700D | firstnonzeroinstldate_307D,a3c2dfd68b1be169,84e87ad3d06c29fc,"{""actualdpd_943P"": ""double"", ""annuity_853A"": ""double"", ""approvaldate_319D"": ""string"", ""byoccupationinc_3656910L"": ""double"", ""cancelreason_3545846M"": ""string"", ""case_id"": ""int64"", ""childnum_21L"": ""double"", ""creationdate_885D"": ""string"", ""credacc_actualbalance_314A"": ""double"", ""credacc_credlmt_575A"": ""double"", ""credacc_maxhisbal_375A"": ""double"", ""credacc_minhisbal_90A"": ""double"", ""credacc_status_367L"": ""string"", ""credacc_transactions_402L"": ""double"", ""credamount_590A"": ""double"", ""credtype_587L"": ""string"", ""currdebt_94A"": ""double"", ""dateactivated_425D"": ""string"", ""district_544M"": ""string"", ""downpmt_134A"": ""double"", ""dtlastpmt_581D"": ""string"", ""dtlastpmtallstes_3545839D"": ""string"", ""education_1138M"": ""string"", ""employedfrom_700D"": ""string"", ""familystate_726L"": ""string"", ""firstnonzeroinstldate_307D"": ""string"", ""inittransactioncode_279L"": ""string"", ""isbidproduct_390L"": ""bool"", ""isdebitcard_527L"": ""bool"", ""mainoccupationinc_437A"": ""double"", ""maxdpdtolerance_577P"": ""double"", ""num_group1"": ""int64"", ""outstandingdebt_522A"": ""double"", ""pmtnum_8L"": ""double"", ""postype_4733339M"": ""string"", ""profession_152M"": ""string"", ""rejectreason_755M"": ""string"", ""rejectreasonclient_4145042M"": ""string"", ""revolvingaccount_394A"": ""double"", ""status_219L"": ""string"", ""tenor_203L"": ""double""}"
train_applprev_2.parquet,parquet_files\train\train_applprev_2.parquet,28484608,27.17,train,applprev,2,,feature_table,False,applprev__depth_2,14075487,14,6,True,False,case_id + num_group1 + num_group2,True,,72c802b94af5f9f3,93763148e1e55b3c,"{""cacccardblochreas_147M"": ""string"", ""case_id"": ""int64"", ""conts_type_509L"": ""string"", ""credacc_cards_status_52L"": ""string"", ""num_group1"": ""int64"", ""num_group2"": ""int64""}"
train_base.parquet,parquet_files\train\train_base.parquet,7048047,6.72,train,base,,,base,False,base__depth_base,1526659,2,5,True,True,case_id,True,MONTH | WEEK_NUM | date_decision,c34915554c8d850e,1464657980acb444,"{""MONTH"": ""int64"", ""WEEK_NUM"": ""int64"", ""case_id"": ""int64"", ""date_decision"": ""string"", ""target"": ""int64""}"
train_credit_bureau_a_1_0.parquet,parquet_files\train\train_credit_bureau_a_1_0.parquet,64863053,61.86,train,credit_bureau_a,1,0,feature_table,True,credit_bureau_a__depth_1,4108212,4,79,True,False,case_id + num_group1,True,dateofcredend_289D | dateofcredend_353D | dateofcredstart_181D | dateofcredstart_739D | dateofrealrepmt_138D | lastupdate_1112D | lastupdate_388D | numberofoverdueinstlmaxdat_148D | numberofoverdueinstlmaxdat_641D | overdueamountmax2date_1002D | overdueamountmax2date_1142D | refreshdate_3813885D,ee36115b60cca798,1a125200afc5e523,"{""annualeffectiverate_199L"": ""double"", ""annualeffectiverate_63L"": ""double"", ""case_id"": ""int64"", ""classificationofcontr_13M"": ""string"", ""classificationofcontr_400M"": ""string"", ""contractst_545M"": ""string"", ""contractst_964M"": ""string"", ""contractsum_5085717L"": ""double"", ""credlmt_230A"": ""double"", ""credlmt_935A"": ""double"", ""dateofcredend_289D"": ""string"", ""dateofcredend_353D"": ""string"", ""dateofcredstart_181D"": ""string"", ""dateofcredstart_739D"": ""string"", ""dateofrealrepmt_138D"": ""string"", ""debtoutstand_525A"": ""double"", ""debtoverdue_47A"": ""double"", ""description_351M"": ""string"", ""dpdmax_139P"": ""double"", ""dpdmax_757P"": ""double"", ""dpdmaxdatemonth_442T"": ""double"", ""dpdmaxdatemonth_89T"": ""double"", ""dpdmaxdateyear_596T"": ""double"", ""dpdmaxdateyear_896T"": ""double"", ""financialinstitution_382M"": ""string"", ""financialinstitution_591M"": ""string"", ""instlamount_768A"": ""double"", ""instlamount_852A"": ""double"", ""interestrate_508L"": ""double"", ""lastupdate_1112D"": ""string"", ""lastupdate_388D"": ""string"", ""monthlyinstlamount_332A"": ""double"", ""monthlyinstlamount_674A"": ""double"", ""nominalrate_281L"": ""double"", ""nominalrate_498L"": ""double"", ""num_group1"": ""int64"", ""numberofcontrsvalue_258L"": ""double"", ""numberofcontrsvalue_358L"": ""double"", ""numberofinstls_229L"": ""double"", ""numberofinstls_320L"": ""double"", ""numberofoutstandinstls_520L"": ""double"", ""numberofoutstandinstls_59L"": ""double"", ""numberofoverdueinstlmax_1039L"": ""double"", ""numberofoverdueinstlmax_1151L"": ""double"", ""numberofoverdueinstlmaxdat_148D"": ""string"", ""numberofoverdueinstlmaxdat_641D"": ""string"", ""numberofoverdueinstls_725L"": ""double"", ""numberofoverdueinstls_834L"": ""double"", ""outstandingamount_354A"": ""double"", ""outstandingamount_362A"": ""double"", ""overdueamount_31A"": ""double"", ""overdueamount_659A"": ""double"", ""overdueamountmax2_14A"": ""double"", ""overdueamountmax2_398A"": ""double"", ""overdueamountmax2date_1002D"": ""string"", ""overdueamountmax2date_1142D"": ""string"", ""overdueamountmax_155A"": ""double"", ""overdueamountmax_35A"": ""double"", ""overdueamountmaxdatemonth_284T"": ""double"", ""overdueamountmaxdatemonth_365T"": ""double"", ""overdueamountmaxdateyear_2T"": ""double"", ""overdueamountmaxdateyear_994T"": ""double"", ""periodicityofpmts_1102L"": ""double"", ""periodicityofpmts_837L"": ""double"", ""prolongationcount_1120L"": ""double"", ""prolongationcount_599L"": ""double"", ""purposeofcred_426M"": ""string"", ""purposeofcred_874M"": ""string"", ""refreshdate_3813885D"": ""string"", ""residualamount_488A"": ""double"", ""residualamount_856A"": ""double"", ""subjectrole_182M"": ""string"", ""subjectrole_93M"": ""string"", ""totalamount_6A"": ""double"", ""totalamount_996A"": ""double"", ""totaldebtoverduevalue_178A"": ""double"", ""totaldebtoverduevalue_718A"": ""double"", ""totaloutstanddebtvalue_39A"": ""double"", ""totaloutstanddebtvalue_668A"": ""double""}"
train_credit_bureau_a_1_1.parquet,parquet_files\train\train_credit_bureau_a_1_1.parquet,183293106,174.8,train,credit_bureau_a,1,1,feature_table,True,credit_bureau_a__depth_1,6009192,6,79,True,False,case_id + num_group1,True,dateofcredend_289D | dateofcredend_353D | dateofcredstart_181D | dateofcredstart_739D | dateofrealrepmt_138D | lastupdate_1112D | lastupdate_388D | numberofoverdueinstlmaxdat_148D | numberofoverdueinstlmaxdat_641D | overdueamountmax2date_1002D | overdueamountmax2date_1142D | refreshdate_3813885D,ee36115b60cca798,1a125200afc5e523,"{""annualeffectiverate_199L"": ""double"", ""annualeffectiverate_63L"": ""double"", ""case_id"": ""int64"", ""classificationofcontr_13M"": ""string"", ""classificationofcontr_400M"": ""string"", ""contractst_545M"": ""string"", ""contractst_964M"": ""string"", ""contractsum_5085717L"": ""double"", ""credlmt_230A"": ""double"", ""credlmt_935A"": ""double"", ""dateofcredend_289D"": ""string"", ""dateofcredend_353D"": ""string"", ""dateofcredstart_181D"": ""string"", ""dateofcredstart_739D"": ""string"", ""dateofrealrepmt_138D"": ""string"", ""debtoutstand_525A"": ""double"", ""debtoverdue_47A"": ""double"", ""description_351M"": ""string"", ""dpdmax_139P"": ""double"", ""dpdmax_757P"": ""double"", ""dpdmaxdatemonth_442T"": ""double"", ""dpdmaxdatemonth_89T"": ""double"", ""dpdmaxdateyear_596T"": ""double"", ""dpdmaxdateyear_896T"": ""double"", ""financialinstitution_382M"": ""string"", ""financialinstitution_591M"": ""string"", ""instlamount_768A"": ""double"", ""instlamount_852A"": ""double"", ""interestrate_508L"": ""double"", ""lastupdate_1112D"": ""string"", ""lastupdate_388D"": ""string"", ""monthlyinstlamount_332A"": ""double"", ""monthlyinstlamount_674A"": ""double"", ""nominalrate_281L"": ""double"", ""nominalrate_498L"": ""double"", ""num_group1"": ""int64"", ""numberofcontrsvalue_258L"": ""double"", ""numberofcontrsvalue_358L"": ""double"", ""numberofinstls_229L"": ""double"", ""numberofinstls_320L"": ""double"", ""numberofoutstandinstls_520L"": ""double"", ""numberofoutstandinstls_59L"": ""double"", ""numberofoverdueinstlmax_1039L"": ""double"", ""numberofoverdueinstlmax_1151L"": ""double"", ""numberofoverdueinstlmaxdat_148D"": ""string"", ""numberofoverdueinstlmaxdat_641D"": ""string"", ""numberofoverdueinstls_725L"": ""double"", ""numberofoverdueinstls_834L"": ""double"", ""outstandingamount_354A"": ""double"", ""outstandingamount_362A"": ""double"", ""overdueamount_31A"": ""double"", ""overdueamount_659A"": ""double"", ""overdueamountmax2_14A"": ""double"", ""overdueamountmax2_398A"": ""double"", ""overdueamountmax2date_1002D"": ""string"", ""overdueamountmax2date_1142D"": ""string"", ""overdueamountmax_155A"": ""double"", ""overdueamountmax_35A"": ""double"", ""overdueamountmaxdatemonth_284T"": ""double"", ""overdueamountmaxdatemonth_365T"": ""double"", ""overdueamountmaxdateyear_2T"": ""double"", ""overdueamountmaxdateyear_994T"": ""double"", ""periodicityofpmts_1102L"": ""double"", ""periodicityofpmts_837L"": ""double"", ""prolongationcount_1120L"": ""double"", ""prolongationcount_599L"": ""double"", ""purposeofcred_426M"": ""string"", ""purposeofcred_874M"": ""string"", ""refreshdate_3813885D"": ""string"", ""residualamount_488A"": ""double"", ""residualamount_856A"": ""double"", ""subjectrole_182M"": ""string"", ""subjectrole_93M"": ""string"", ""totalamount_6A"": ""double"", ""totalamount_996A"": ""double"", ""totaldebtoverduevalue_178A"": ""double"", ""totaldebtoverduevalue_718A"": ""double"", ""totaloutstanddebtvalue_39A"": ""double"", ""totaloutstanddebtvalue_668A"": ""double""}"
train_credit_bureau_a_1_2.parquet,parquet_files\train\train_credit_bureau_a_1_2.parquet,123506425,117.78,train,credit_bureau_a,1,2,feature_table,True,credit_bureau_a__depth_1,3743810,4,79,True,False,case_id + num_group1,True,dateofcredend_289D | dateofcredend_353D | dateofcredstart_181D | dateofcredstart_739D | dateofrealrepmt_138D | lastupdate_1112D | lastupdate_388D | numberofoverdueinstlmaxdat_148D | numberofoverdueinstlmaxdat_641D | overdueamountmax2date_1002D | overdueamountmax2date_1142D | refreshdate_3813885D,ee36115b60cca798,1a125200afc5e523,"{""annualeffectiverate_199L"": ""double"", ""annualeffectiverate_63L"": ""double"", ""case_id"": ""int64"", ""classificationofcontr_13M"": ""string"", ""classificationofcontr_400M"": ""string"", ""contractst_545M"": ""string"", ""contractst_964M"": ""string"", ""contractsum_5085717L"": ""double"", ""credlmt_230A"": ""double"", ""credlmt_935A"": ""double"", ""dateofcredend_289D"": ""string"", ""dateofcredend_353D"": ""string"", ""dateofcredstart_181D"": ""string"", ""dateofcredstart_739D"": ""string"", ""dateofrealrepmt_138D"": ""string"", ""debtoutstand_525A"": ""double"", ""debtoverdue_47A"": ""double"", ""description_351M"": ""string"", ""dpdmax_139P"": ""double"", ""dpdmax_757P"": ""double"", ""dpdmaxdatemonth_442T"": ""double"", ""dpdmaxdatemonth_89T"": ""double"", ""dpdmaxdateyear_596T"": ""double"", ""dpdmaxdateyear_896T"": ""double"", ""financialinstitution_382M"": ""string"", ""financialinstitution_591M"": ""string"", ""instlamount_768A"": ""double"", ""instlamount_852A"": ""double"", ""interestrate_508L"": ""double"", ""lastupdate_1112D"": ""string"", ""lastupdate_388D"": ""string"", ""monthlyinstlamount_332A"": ""double"", ""monthlyinstlamount_674A"": ""double"", ""nominalrate_281L"": ""double"", ""nominalrate_498L"": ""double"", ""num_group1"": ""int64"", ""numberofcontrsvalue_258L"": ""double"", ""numberofcontrsvalue_358L"": ""double"", ""numberofinstls_229L"": ""double"", ""numberofinstls_320L"": ""double"", ""numberofoutstandinstls_520L"": ""double"", ""numberofoutstandinstls_59L"": ""double"", ""numberofoverdueinstlmax_1039L"": ""double"", ""numberofoverdueinstlmax_1151L"": ""double"", ""numberofoverdueinstlmaxdat_148D"": ""string"", ""numberofoverdueinstlmaxdat_641D"": ""string"", ""numberofoverdueinstls_725L"": ""double"", ""numberofoverdueinstls_834L"": ""double"", ""outstandingamount_354A"": ""double"", ""outstandingamount_362A"": ""double"", ""overdueamount_31A"": ""double"", ""overdueamount_659A"": ""double"", ""overdueamountmax2_14A"": ""double"", ""overdueamountmax2_398A"": ""double"", ""overdueamountmax2date_1002D"": ""string"", ""overdueamountmax2date_1142D"": ""string"", ""overdueamountmax_155A"": ""double"", ""overdueamountmax_35A"": ""double"", ""overdueamountmaxdatemonth_284T"": ""double"", ""overdueamountmaxdatemonth_365T"": ""double"", ""overdueamountmaxdateyear_2T"": ""double"", ""overdueamountmaxdateyear_994T"": ""double"", ""periodicityofpmts_1102L"": ""double"", ""periodicityofpmts_837L"": ""double"", ""prolongationcount_1120L"": ""double"", ""prolongationcount_599L"": ""double"", ""purposeofcred_426M"": ""string"", ""purposeofcred_874M"": ""string"", ""refreshdate_3813885D"": ""string"", ""residualamount_488A"": ""double"", ""residualamount_856A"": ""double"", ""subjectrole_182M"": ""string"", ""subjectrole_93M"": ""string"", ""totalamount_6A"": ""double"", ""totalamount_996A"": ""double"", ""totaldebtoverduevalue_178A"": ""double"", ""totaldebtoverduevalue_718A"": ""double"", ""totaloutstanddebtvalue_39A"": ""double"", ""totaloutstanddebtvalue_668A"": ""double""}"
train_credit_bureau_a_1_3.parquet,parquet_files\train\train_credit_bureau_a_1_3.parquet,71774171,68.45,train,credit_bureau_a,1,3,feature_table,True,credit_bureau_a__depth_1,2079323,2,79,True,False,case_id + num_group1,True,dateofcredend_289D | dateofcredend_353D | dateofcredstart_181D | dateofcredstart_739D | dateofrealrepmt_138D | lastupdate_1112D | lastupdate_388D | numberofoverdueinstlmaxdat_148D | numberofoverdueinstlmaxdat_641D | overdueamountmax2date_1002D | overdueamountmax2date_1142D | refreshdate_3813885D,ee36115b60cca798,1a125200afc5e523,"{""annualeffectiverate_199L"": ""double"", ""annualeffectiverate_63L"": ""double"", ""case_id"": ""int64"", ""classificationofcontr_13M"": ""string"", ""classificationofcontr_400M"": ""string"", ""contractst_545M"": ""string"", ""contractst_964M"": ""string"", ""contractsum_5085717L"": ""double"", ""credlmt_230A"": ""double"", ""credlmt_935A"": ""double"", ""dateofcredend_289D"": ""string"", ""dateofcredend_353D"": ""string"", ""dateofcredstart_181D"": ""string"", ""dateofcredstart_739D"": ""string"", ""dateofrealrepmt_138D"": ""string"", ""debtoutstand_525A"": ""double"", ""debtoverdue_47A"": ""double"", ""description_351M"": ""string"", ""dpdmax_139P"": ""double"", ""dpdmax_757P"": ""double"", ""dpdmaxdatemonth_442T"": ""double"", ""dpdmaxdatemonth_89T"": ""double"", ""dpdmaxdateyear_596T"": ""double"", ""dpdmaxdateyear_896T"": ""double"", ""financialinstitution_382M"": ""string"", ""financialinstitution_591M"": ""string"", ""instlamount_768A"": ""double"", ""instlamount_852A"": ""double"", ""interestrate_508L"": ""double"", ""lastupdate_1112D"": ""string"", ""lastupdate_388D"": ""string"", ""monthlyinstlamount_332A"": ""double"", ""monthlyinstlamount_674A"": ""double"", ""nominalrate_281L"": ""double"", ""nominalrate_498L"": ""double"", ""num_group1"": ""int64"", ""numberofcontrsvalue_258L"": ""double"", ""numberofcontrsvalue_358L"": ""double"", ""numberofinstls_229L"": ""double"", ""numberofinstls_320L"": ""double"", ""numberofoutstandinstls_520L"": ""double"", ""numberofoutstandinstls_59L"": ""double"", ""numberofoverdueinstlmax_1039L"": ""double"", ""numberofoverdueinstlmax_1151L"": ""double"", ""numberofoverdueinstlmaxdat_148D"": ""string"", ""numberofoverdueinstlmaxdat_641D"": ""string"", ""numberofoverdueinstls_725L"": ""double"", ""numberofoverdueinstls_834L"": ""double"", ""outstandingamount_354A"": ""double"", ""outstandingamount_362A"": ""double"", ""overdueamount_31A"": ""double"", ""overdueamount_659A"": ""double"", ""overdueamountmax2_14A"": ""double"", ""overdueamountmax2_398A"": ""double"", ""overdueamountmax2date_1002D"": ""string"", ""overdueamountmax2date_1142D"": ""string"", ""overdueamountmax_155A"": ""double"", ""overdueamountmax_35A"": ""double"", ""overdueamountmaxdatemonth_284T"": ""double"", ""overdueamountmaxdatemonth_365T"": ""double"", ""overdueamountmaxdateyear_2T"": ""double"", ""overdueamountmaxdateyear_994T"": ""double"", ""periodicityofpmts_1102L"": ""double"", ""periodicityofpmts_837L"": ""double"", ""prolongationcount_1120L"": ""double"", ""prolongationcount_599L"": ""double"", ""purposeofcred_426M"": ""string"", ""purposeofcred_874M"": ""string"", ""refreshdate_3813885D"": ""string"", ""residualamount_488A"": ""double"", ""residualamount_856A"": ""double"", ""subjectrole_182M"": ""string"", ""subjectrole_93M"": ""string"", ""totalamount_6A"": ""double"", ""totalamount_996A"": ""double"", ""totaldebtoverduevalue_178A"": ""double"", ""totaldebtoverduevalue_718A"": ""double"", ""totaloutstanddebtvalue_39A"": ""double"", ""totaloutstanddebtvalue_668A"": ""double""}"
train_credit_bureau_a_2_0.parquet,parquet_files\train\train_credit_bureau_a_2_0.parquet,5786632,5.52,train,credit_bureau_a,2,0,feature_table,True,credit_bureau_a__depth_2,5296031,6,19,True,False,case_id + num_group1 + num_group2,True,,2b5990d735deb1c5,a800a9694e76b16e,"{""case_id"": ""int64"", ""collater_typofvalofguarant_298M"": ""string"", ""collater_typofvalofguarant_407M"": ""string"", ""collater_valueofguarantee_1124L"": ""double"", ""collater_valueofguarantee_876L"": ""double"", ""collaterals_typeofguarante_359M"": ""string"", ""collaterals_typeofguarante_669M"": ""string"", ""num_group1"": ""int64"", ""num_group2"": ""int64"", ""pmts_dpd_1073P"": ""double"", ""pmts_dpd_303P"": ""double"", ""pmts_month_158T"": ""double"", ""pmts_month_706T"": ""double"", ""pmts_overdue_1140A"": ""double"", ""pmts_overdue_1152A"": ""double"", ""pmts_year_1139T"": ""double"", ""pmts_year_507T"": ""double"", ""subjectroles_name_541M"": ""string"", ""subjectroles_name_838M"": ""string""}"
train_credit_bureau_a_2_1.parquet,parquet_files\train\train_credit_bureau_a_2_1.parquet,10006927,9.54,train,credit_bureau_a,2,1,feature_table,True,credit_bureau_a__depth_2,7861809,8,19,True,False,case_id + num_group1 + num_group2,True,,2b5990d735deb1c5,a800a9694e76b16e,"{""case_id"": ""int64"", ""collater_typofvalofguarant_298M"": ""string"", ""collater_typofvalofguarant_407M"": ""string"", ""collater_valueofguarantee_1124L"": ""double"", ""collater_valueofguarantee_876L"": ""double"", ""collaterals_typeofguarante_359M"": ""string"", ""collaterals_typeofguarante_669M"": ""string"", ""num_group1"": ""int64"", ""num_group2"": ""int64"", ""pmts_dpd_1073P"": ""double"", ""pmts_dpd_303P"": ""double"", ""pmts_month_158T"": ""double"", ""pmts_month_706T"": ""double"", ""pmts_overdue_1140A"": ""double"", ""pmts_overdue_1152A"": ""double"", ""pmts_year_1139T"": ""double"", ""pmts_year_507T"": ""double"", ""subjectroles_name_541M"": ""string"", ""subjectroles_name_838M"": ""string""}"
train_credit_bureau_a_2_2.parquet,parquet_files\train\train_credit_bureau_a_2_2.parquet,30669743,29.25,train,credit_bureau_a,2,2,feature_table,True,credit_bureau_a__depth_2,17893536,18,19,True,False,case_id + num_group1 + num_group2,True,,2b5990d735deb1c5,a800a9694e76b16e,"{""case_id"": ""int64"", ""collater_typofvalofguarant_298M"": ""string"", ""collater_typofvalofguarant_407M"": ""string"", ""collater_valueofguarantee_1124L"": ""double"", ""collater_valueofguarantee_876L"": ""double"", ""collaterals_typeofguarante_359M"": ""string"", ""collaterals_typeofguarante_669M"": ""string"", ""num_group1"": ""int64"", ""num_group2"": ""int64"", ""pmts_dpd_1073P"": ""double"", ""pmts_dpd_303P"": ""double"", ""pmts_month_158T"": ""double"", ""pmts_month_706T"": ""double"", ""pmts_overdue_1140A"": ""double"", ""pmts_overdue_1152A"": ""double"", ""pmts_year_1139T"": ""double"", ""pmts_year_507T"": ""double"", ""subjectroles_name_541M"": ""string"", ""subjectroles_name_838M"": ""string""}"
train_credit_bureau_a_2_3.parquet,parquet_files\train\train_credit_bureau_a_2_3.parquet,47836939,45.62,train,credit_bureau_a,2,3,feature_table,True,credit_bureau_a__depth_2,26563901,26,19,True,False,case_id + num_group1 + num_group2,True,,2b5990d735deb1c5,a800a9694e76b16e,"{""case_id"": ""int64"", ""collater_typofvalofguarant_298M"": ""string"", ""collater_typofvalofguarant_407M"": ""string"", ""collater_valueofguarantee_1124L"": ""double"", ""collater_valueofguarantee_876L"": ""double"", ""collaterals_typeofguarante_359M"": ""string"", ""collaterals_typeofguarante_669M"": ""string"", ""num_group1"": ""int64"", ""num_group2"": ""int64"", ""pmts_dpd_1073P"": ""double"", ""pmts_dpd_303P"": ""double"", ""pmts_month_158T"": ""double"", ""pmts_month_706T"": ""double"", ""pmts_overdue_1140A"": ""double"", ""pmts_overdue_1152A"": ""double"", ""pmts_year_1139T"": ""double"", ""pmts_year_507T"": ""double"", ""subjectroles_name_541M"": ""string"", ""subjectroles_name_838M"": ""string""}"
train_credit_bureau_a_2_4.parquet,parquet_files\train\train_credit_bureau_a_2_4.parquet,49233367,46.95,train,credit_bureau_a,2,4,feature_table,True,credit_bureau_a__depth_2,27025737,26,19,True,False,case_id + num_group1 + num_group2,True,,2b5990d735deb1c5,a800a9694e76b16e,"{""case_id"": ""int64"", ""collater_typofvalofguarant_298M"": ""string"", ""collater_typofvalofguarant_407M"": ""string"", ""collater_valueofguarantee_1124L"": ""double"", ""collater_valueofguarantee_876L"": ""double"", ""collaterals_typeofguarante_359M"": ""string"", ""collaterals_typeofguarante_669M"": ""string"", ""num_group1"": ""int64"", ""num_group2"": ""int64"", ""pmts_dpd_1073P"": ""double"", ""pmts_dpd_303P"": ""double"", ""pmts_month_158T"": ""double"", ""pmts_month_706T"": ""double"", ""pmts_overdue_1140A"": ""double"", ""pmts_overdue_1152A"": ""double"", ""pmts_year_1139T"": ""double"", ""pmts_year_507T"": ""double"", ""subjectroles_name_541M"": ""string"", ""subjectroles_name_838M"": ""string""}"
train_credit_bureau_a_2_5.parquet,parquet_files\train\train_credit_bureau_a_2_5.parquet,60984109,58.16,train,credit_bureau_a,2,5,feature_table,True,credit_bureau_a__depth_2,33053760,32,19,True,False,case_id + num_group1 + num_group2,True,,2b5990d735deb1c5,a800a9694e76b16e,"{""case_id"": ""int64"", ""collater_typofvalofguarant_298M"": ""string"", ""collater_typofvalofguarant_407M"": ""string"", ""collater_valueofguarantee_1124L"": ""double"", ""collater_valueofguarantee_876L"": ""double"", ""collaterals_typeofguarante_359M"": ""string"", ""collaterals_typeofguarante_669M"": ""string"", ""num_group1"": ""int64"", ""num_group2"": ""int64"", ""pmts_dpd_1073P"": ""double"", ""pmts_dpd_303P"": ""double"", ""pmts_month_158T"": ""double"", ""pmts_month_706T"": ""double"", ""pmts_overdue_1140A"": ""double"", ""pmts_overdue_1152A"": ""double"", ""pmts_year_1139T"": ""double"", ""pmts_year_507T"": ""double"", ""subjectroles_name_541M"": ""string"", ""subjectroles_name_838M"": ""string""}"
train_credit_bureau_a_2_6.parquet,parquet_files\train\train_credit_bureau_a_2_6.parquet,45183113,43.09,train,credit_bureau_a,2,6,feature_table,True,credit_bureau_a__depth_2,25511332,25,19,True,False,case_id + num_group1 + num_group2,True,,2b5990d735deb1c5,a800a9694e76b16e,"{""case_id"": ""int64"", ""collater_typofvalofguarant_298M"": ""string"", ""collater_typofvalofguarant_407M"": ""string"", ""collater_valueofguarantee_1124L"": ""double"", ""collater_valueofguarantee_876L"": ""double"", ""collaterals_typeofguarante_359M"": ""string"", ""collaterals_typeofguarante_669M"": ""string"", ""num_group1"": ""int64"", ""num_group2"": ""int64"", ""pmts_dpd_1073P"": ""double"", ""pmts_dpd_303P"": ""double"", ""pmts_month_158T"": ""double"", ""pmts_month_706T"": ""double"", ""pmts_overdue_1140A"": ""double"", ""pmts_overdue_1152A"": ""double"", ""pmts_year_1139T"": ""double"", ""pmts_year_507T"": ""double"", ""subjectroles_name_541M"": ""string"", ""subjectroles_name_838M"": ""string""}"
train_credit_bureau_a_2_7.parquet,parquet_files\train\train_credit_bureau_a_2_7.parquet,14137608,13.48,train,credit_bureau_a,2,7,feature_table,True,credit_bureau_a__depth_2,8055986,8,19,True,False,case_id + num_group1 + num_group2,True,,2b5990d735deb1c5,a800a9694e76b16e,"{""case_id"": ""int64"", ""collater_typofvalofguarant_298M"": ""string"", ""collater_typofvalofguarant_407M"": ""string"", ""collater_valueofguarantee_1124L"": ""double"", ""collater_valueofguarantee_876L"": ""double"", ""collaterals_typeofguarante_359M"": ""string"", ""collaterals_typeofguarante_669M"": ""string"", ""num_group1"": ""int64"", ""num_group2"": ""int64"", ""pmts_dpd_1073P"": ""double"", ""pmts_dpd_303P"": ""double"", ""pmts_month_158T"": ""double"", ""pmts_month_706T"": ""double"", ""pmts_overdue_1140A"": ""double"", ""pmts_overdue_1152A"": ""double"", ""pmts_year_1139T"": ""double"", ""pmts_year_507T"": ""double"", ""subjectroles_name_541M"": ""string"", ""subjectroles_name_838M"": ""string""}"
train_credit_bureau_a_2_8.parquet,parquet_files\train\train_credit_bureau_a_2_8.parquet,23832969,22.73,train,credit_bureau_a,2,8,feature_table,True,credit_bureau_a__depth_2,13927071,14,19,True,False,case_id + num_group1 + num_group2,True,,2b5990d735deb1c5,a800a9694e76b16e,"{""case_id"": ""int64"", ""collater_typofvalofguarant_298M"": ""string"", ""collater_typofvalofguarant_407M"": ""string"", ""collater_valueofguarantee_1124L"": ""double"", ""collater_valueofguarantee_876L"": ""double"", ""collaterals_typeofguarante_359M"": ""string"", ""collaterals_typeofguarante_669M"": ""string"", ""num_group1"": ""int64"", ""num_group2"": ""int64"", ""pmts_dpd_1073P"": ""double"", ""pmts_dpd_303P"": ""double"", ""pmts_month_158T"": ""double"", ""pmts_month_706T"": ""double"", ""pmts_overdue_1140A"": ""double"", ""pmts_overdue_1152A"": ""double"", ""pmts_year_1139T"": ""double"", ""pmts_year_507T"": ""double"", ""subjectroles_name_541M"": ""string"", ""subjectroles_name_838M"": ""string""}"
train_credit_bureau_a_2_9.parquet,parquet_files\train\train_credit_bureau_a_2_9.parquet,32090419,30.6,train,credit_bureau_a,2,9,feature_table,True,credit_bureau_a__depth_2,18723227,18,19,True,False,case_id + num_group1 + num_group2,True,,2b5990d735deb1c5,a800a9694e76b16e,"{""case_id"": ""int64"", ""collater_typofvalofguarant_298M"": ""string"", ""collater_typofvalofguarant_407M"": ""string"", ""collater_valueofguarantee_1124L"": ""double"", ""collater_valueofguarantee_876L"": ""double"", ""collaterals_typeofguarante_359M"": ""string"", ""collaterals_typeofguarante_669M"": ""string"", ""num_group1"": ""int64"", ""num_group2"": ""int64"", ""pmts_dpd_1073P"": ""double"", ""pmts_dpd_303P"": ""double"", ""pmts_month_158T"": ""double"", ""pmts_month_706T"": ""double"", ""pmts_overdue_1140A"": ""double"", ""pmts_overdue_1152A"": ""double"", ""pmts_year_1139T"": ""double"", ""pmts_year_507T"": ""double"", ""subjectroles_name_541M"": ""string"", ""subjectroles_name_838M"": ""string""}"
train_credit_bureau_a_2_10.parquet,parquet_files\train\train_credit_bureau_a_2_10.parquet,7646586,7.29,train,credit_bureau_a,2,10,feature_table,True,credit_bureau_a__depth_2,4386062,5,19,True,False,case_id + num_group1 + num_group2,True,,2b5990d735deb1c5,a800a9694e76b16e,"{""case_id"": ""int64"", ""collater_typofvalofguarant_298M"": ""string"", ""collater_typofvalofguarant_407M"": ""string"", ""collater_valueofguarantee_1124L"": ""double"", ""collater_valueofguarantee_876L"": ""double"", ""collaterals_typeofguarante_359M"": ""string"", ""collaterals_typeofguarante_669M"": ""string"", ""num_group1"": ""int64"", ""num_group2"": ""int64"", ""pmts_dpd_1073P"": ""double"", ""pmts_dpd_303P"": ""double"", ""pmts_month_158T"": ""double"", ""pmts_month_706T"": ""double"", ""pmts_overdue_1140A"": ""double"", ""pmts_overdue_1152A"": ""double"", ""pmts_year_1139T"": ""double"", ""pmts_year_507T"": ""double"", ""subjectroles_name_541M"": ""string"", ""subjectroles_name_838M"": ""string""}"
train_credit_bureau_b_1.parquet,parquet_files\train\train_credit_bureau_b_1.parquet,4506882,4.3,train,credit_bureau_b,1,,feature_table,False,credit_bureau_b__depth_1,85791,1,45,True,False,case_id + num_group1,True,contractdate_551D | contractmaturitydate_151D | lastupdate_260D,fb286023d19b0376,043f0930f491710c,"{""amount_1115A"": ""double"", ""case_id"": ""int64"", ""classificationofcontr_1114M"": ""string"", ""contractdate_551D"": ""string"", ""contractmaturitydate_151D"": ""string"", ""contractst_516M"": ""string"", ""contracttype_653M"": ""string"", ""credlmt_1052A"": ""double"", ""credlmt_228A"": ""double"", ""credlmt_3940954A"": ""double"", ""credor_3940957M"": ""string"", ""credquantity_1099L"": ""double"", ""credquantity_984L"": ""double"", ""debtpastduevalue_732A"": ""double"", ""debtvalue_227A"": ""double"", ""dpd_550P"": ""double"", ""dpd_733P"": ""double"", ""dpdmax_851P"": ""double"", ""dpdmaxdatemonth_804T"": ""double"", ""dpdmaxdateyear_742T"": ""double"", ""installmentamount_644A"": ""double"", ""installmentamount_833A"": ""double"", ""instlamount_892A"": ""double"", ""interesteffectiverate_369L"": ""double"", ""interestrateyearly_538L"": ""double"", ""lastupdate_260D"": ""string"", ""maxdebtpduevalodued_3940955A"": ""double"", ""num_group1"": ""int64"", ""numberofinstls_810L"": ""double"", ""overdueamountmax_950A"": ""double"", ""overdueamountmaxdatemonth_494T"": ""double"", ""overdueamountmaxdateyear_432T"": ""double"", ""periodicityofpmts_997L"": ""string"", ""periodicityofpmts_997M"": ""string"", ""pmtdaysoverdue_1135P"": ""double"", ""pmtmethod_731M"": ""string"", ""pmtnumpending_403L"": ""double"", ""purposeofcred_722M"": ""string"", ""residualamount_1093A"": ""double"", ""residualamount_127A"": ""double"", ""residualamount_3940956A"": ""double"", ""subjectrole_326M"": ""string"", ""subjectrole_43M"": ""string"", ""totalamount_503A"": ""double"", ""totalamount_881A"": ""double""}"
train_credit_bureau_b_2.parquet,parquet_files\train\train_credit_bureau_b_2.parquet,2067641,1.97,train,credit_bureau_b,2,,feature_table,False,credit_bureau_b__depth_2,1286755,2,6,True,False,case_id + num_group1 + num_group2,True,pmts_date_1107D,f70d1e1fb8ba57c3,093a798b5723790c,"{""case_id"": ""int64"", ""num_group1"": ""int64"", ""num_group2"": ""int64"", ""pmts_date_1107D"": ""string"", ""pmts_dpdvalue_108P"": ""double"", ""pmts_pmtsoverdue_635A"": ""double""}"
train_debitcard_1.parquet,parquet_files\train\train_debitcard_1.parquet,1188384,1.13,train,debitcard,1,,feature_table,False,debitcard__depth_1,157302,1,6,True,False,case_id + num_group1,True,openingdate_857D,eb719fe6f97636c4,26f4e5f911fb2907,"{""case_id"": ""int64"", ""last180dayaveragebalance_704A"": ""double"", ""last180dayturnover_1134A"": ""double"", ""last30dayturnover_651A"": ""double"", ""num_group1"": ""int64"", ""openingdate_857D"": ""string""}"
train_deposit_1.parquet,parquet_files\train\train_deposit_1.parquet,1598148,1.52,train,deposit,1,,feature_table,False,deposit__depth_1,145086,1,5,True,False,case_id + num_group1,True,contractenddate_991D | openingdate_313D,4fd584e12c073a8b,c2d423a423cfaf91,"{""amount_416A"": ""double"", ""case_id"": ""int64"", ""contractenddate_991D"": ""string"", ""num_group1"": ""int64"", ""openingdate_313D"": ""string""}"
train_other_1.parquet,parquet_files\train\train_other_1.parquet,805374,0.77,train,other,1,,feature_table,False,other__depth_1,51109,1,7,True,False,case_id + num_group1,True,,085e8dac4074b1bd,29fceb2fc1b11a53,"{""amtdebitincoming_4809443A"": ""double"", ""amtdebitoutgoing_4809440A"": ""double"", ""amtdepositbalance_4809441A"": ""double"", ""amtdepositincoming_4809444A"": ""double"", ""amtdepositoutgoing_4809442A"": ""double"", ""case_id"": ""int64"", ""num_group1"": ""int64""}"
train_person_1.parquet,parquet_files\train\train_person_1.parquet,43892239,41.86,train,person,1,,feature_table,False,person__depth_1,2973991,3,37,True,False,case_id + num_group1,True,birth_259D | birthdate_87D | empl_employedfrom_271D,5455fe4184392dc7,2998fb940d800beb,"{""birth_259D"": ""string"", ""birthdate_87D"": ""string"", ""case_id"": ""int64"", ""childnum_185L"": ""double"", ""contaddr_district_15M"": ""string"", ""contaddr_matchlist_1032L"": ""bool"", ""contaddr_smempladdr_334L"": ""bool"", ""contaddr_zipcode_807M"": ""string"", ""education_927M"": ""string"", ""empl_employedfrom_271D"": ""string"", ""empl_employedtotal_800L"": ""string"", ""empl_industry_691L"": ""string"", ""empladdr_district_926M"": ""string"", ""empladdr_zipcode_114M"": ""string"", ""familystate_447L"": ""string"", ""gender_992L"": ""string"", ""housetype_905L"": ""string"", ""housingtype_772L"": ""string"", ""incometype_1044T"": ""string"", ""isreference_387L"": ""bool"", ""language1_981M"": ""string"", ""mainoccupationinc_384A"": ""double"", ""maritalst_703L"": ""string"", ""num_group1"": ""int64"", ""personindex_1023L"": ""double"", ""persontype_1072L"": ""double"", ""persontype_792L"": ""double"", ""registaddr_district_1083M"": ""string"", ""registaddr_zipcode_184M"": ""string"", ""relationshiptoclient_415T"": ""string"", ""relationshiptoclient_642T"": ""string"", ""remitter_829L"": ""bool"", ""role_1084L"": ""string"", ""role_993L"": ""string"", ""safeguarantyflag_411L"": ""bool"", ""sex_738L"": ""string"", ""type_25L"": ""string""}"
train_person_2.parquet,parquet_files\train\train_person_2.parquet,7559249,7.21,train,person,2,,feature_table,False,person__depth_2,1643410,2,11,True,False,case_id + num_group1 + num_group2,True,empls_employedfrom_796D,62ac088dea0ccbdc,d03be3cee533deea,"{""addres_district_368M"": ""string"", ""addres_role_871L"": ""string"", ""addres_zip_823M"": ""string"", ""case_id"": ""int64"", ""conts_role_79M"": ""string"", ""empls_economicalst_849M"": ""string"", ""empls_employedfrom_796D"": ""string"", ""empls_employer_name_740M"": ""string"", ""num_group1"": ""int64"", ""num_group2"": ""int64"", ""relatedpersons_role_762T"": ""string""}"
train_static_0_0.parquet,parquet_files\train\train_static_0_0.parquet,113858592,108.58,train,static,0,0,feature_table,True,static__depth_0,1003757,1,168,True,False,case_id,True,datefirstoffer_1144D | datelastinstal40dpd_247D | datelastunpaid_3546854D | dtlastpmtallstes_4499206D | firstclxcampaign_1125D | firstdatedue_489D | lastactivateddate_801D | lastapplicationdate_877D | lastapprdate_640D | lastdelinqdate_224D | lastrejectdate_50D | lastrepayingdate_696D | maxdpdinstldate_3546855D | payvacationpostpone_4187118D | validfrom_1069D,e1b22a1881066df0,a7789b7b12daa7a9,"{""actualdpdtolerance_344P"": ""double"", ""amtinstpaidbefduel24m_4187115A"": ""double"", ""annuity_780A"": ""double"", ""annuitynextmonth_57A"": ""double"", ""applicationcnt_361L"": ""double"", ""applications30d_658L"": ""double"", ""applicationscnt_1086L"": ""double"", ""applicationscnt_464L"": ""double"", ""applicationscnt_629L"": ""double"", ""applicationscnt_867L"": ""double"", ""avgdbddpdlast24m_3658932P"": ""double"", ""avgdbddpdlast3m_4187120P"": ""double"", ""avgdbdtollast24m_4525197P"": ""double"", ""avgdpdtolclosure24_3658938P"": ""double"", ""avginstallast24m_3658937A"": ""double"", ""avglnamtstart24m_4525187A"": ""double"", ""avgmaxdpdlast9m_3716943P"": ""double"", ""avgoutstandbalancel6m_4187114A"": ""double"", ""avgpmtlast12m_4525200A"": ""double"", ""bankacctype_710L"": ""string"", ""cardtype_51L"": ""string"", ""case_id"": ""int64"", ""clientscnt12m_3712952L"": ""double"", ""clientscnt3m_3712950L"": ""double"", ""clientscnt6m_3712949L"": ""double"", ""clientscnt_100L"": ""double"", ""clientscnt_1022L"": ""double"", ""clientscnt_1071L"": ""double"", ""clientscnt_1130L"": ""double"", ""clientscnt_136L"": ""double"", ""clientscnt_157L"": ""double"", ""clientscnt_257L"": ""double"", ""clientscnt_304L"": ""double"", ""clientscnt_360L"": ""double"", ""clientscnt_493L"": ""double"", ""clientscnt_533L"": ""double"", ""clientscnt_887L"": ""double"", ""clientscnt_946L"": ""double"", ""cntincpaycont9m_3716944L"": ""double"", ""cntpmts24_3658933L"": ""double"", ""commnoinclast6m_3546845L"": ""double"", ""credamount_770A"": ""double"", ""credtype_322L"": ""string"", ""currdebt_22A"": ""double"", ""currdebtcredtyperange_828A"": ""double"", ""datefirstoffer_1144D"": ""string"", ""datelastinstal40dpd_247D"": ""string"", ""datelastunpaid_3546854D"": ""string"", ""daysoverduetolerancedd_3976961L"": ""double"", ""deferredmnthsnum_166L"": ""double"", ""disbursedcredamount_1113A"": ""double"", ""disbursementtype_67L"": ""string"", ""downpmt_116A"": ""double"", ""dtlastpmtallstes_4499206D"": ""string"", ""eir_270L"": ""double"", ""equalitydataagreement_891L"": ""bool"", ""equalityempfrom_62L"": ""bool"", ""firstclxcampaign_1125D"": ""string"", ""firstdatedue_489D"": ""string"", ""homephncnt_628L"": ""double"", ""inittransactionamount_650A"": ""double"", ""inittransactioncode_186L"": ""string"", ""interestrate_311L"": ""double"", ""interestrategrace_34L"": ""double"", ""isbidproduct_1095L"": ""bool"", ""isbidproductrequest_292L"": ""bool"", ""isdebitcard_729L"": ""bool"", ""lastactivateddate_801D"": ""string"", ""lastapplicationdate_877D"": ""string"", ""lastapprcommoditycat_1041M"": ""string"", ""lastapprcommoditytypec_5251766M"": ""string"", ""lastapprcredamount_781A"": ""double"", ""lastapprdate_640D"": ""string"", ""lastcancelreason_561M"": ""string"", ""lastdelinqdate_224D"": ""string"", ""lastdependentsnum_448L"": ""double"", ""lastotherinc_902A"": ""double"", ""lastotherlnsexpense_631A"": ""double"", ""lastrejectcommoditycat_161M"": ""string"", ""lastrejectcommodtypec_5251769M"": ""string"", ""lastrejectcredamount_222A"": ""double"", ""lastrejectdate_50D"": ""string"", ""lastrejectreason_759M"": ""string"", ""lastrejectreasonclient_4145040M"": ""string"", ""lastrepayingdate_696D"": ""string"", ""lastst_736L"": ""string"", ""maininc_215A"": ""double"", ""mastercontrelectronic_519L"": ""double"", ""mastercontrexist_109L"": ""double"", ""maxannuity_159A"": ""double"", ""maxannuity_4075009A"": ""double"", ""maxdbddpdlast1m_3658939P"": ""double"", ""maxdbddpdtollast12m_3658940P"": ""double"", ""maxdbddpdtollast6m_4187119P"": ""double"", ""maxdebt4_972A"": ""double"", ""maxdpdfrom6mto36m_3546853P"": ""double"", ""maxdpdinstldate_3546855D"": ""string"", ""maxdpdinstlnum_3546846P"": ""double"", ""maxdpdlast12m_727P"": ""double"", ""maxdpdlast24m_143P"": ""double"", ""maxdpdlast3m_392P"": ""double"", ""maxdpdlast6m_474P"": ""double"", ""maxdpdlast9m_1059P"": ""double"", ""maxdpdtolerance_374P"": ""double"", ""maxinstallast24m_3658928A"": ""double"", ""maxlnamtstart6m_4525199A"": ""double"", ""maxoutstandbalancel12m_4187113A"": ""double"", ""maxpmtlast3m_4525190A"": ""double"", ""mindbddpdlast24m_3658935P"": ""double"", ""mindbdtollast24m_4525191P"": ""double"", ""mobilephncnt_593L"": ""double"", ""monthsannuity_845L"": ""double"", ""numactivecreds_622L"": ""double"", ""numactivecredschannel_414L"": ""double"", ""numactiverelcontr_750L"": ""double"", ""numcontrs3months_479L"": ""double"", ""numincomingpmts_3546848L"": ""double"", ""numinstlallpaidearly3d_817L"": ""double"", ""numinstls_657L"": ""double"", ""numinstlsallpaid_934L"": ""double"", ""numinstlswithdpd10_728L"": ""double"", ""numinstlswithdpd5_4187116L"": ""double"", ""numinstlswithoutdpd_562L"": ""double"", ""numinstmatpaidtearly2d_4499204L"": ""double"", ""numinstpaid_4499208L"": ""double"", ""numinstpaidearly3d_3546850L"": ""double"", ""numinstpaidearly3dest_4493216L"": ""double"", ""numinstpaidearly5d_1087L"": ""double"", ""numinstpaidearly5dest_4493211L"": ""double"", ""numinstpaidearly5dobd_4499205L"": ""double"", ""numinstpaidearly_338L"": ""double"", ""numinstpaidearlyest_4493214L"": ""double"", ""numinstpaidlastcontr_4325080L"": ""double"", ""numinstpaidlate1d_3546852L"": ""double"", ""numinstregularpaid_973L"": ""double"", ""numinstregularpaidest_4493210L"": ""double"", ""numinsttopaygr_769L"": ""double"", ""numinsttopaygrest_4493213L"": ""double"", ""numinstunpaidmax_3546851L"": ""double"", ""numinstunpaidmaxest_4493212L"": ""double"", ""numnotactivated_1143L"": ""double"", ""numpmtchanneldd_318L"": ""double"", ""numrejects9m_859L"": ""double"", ""opencred_647L"": ""bool"", ""paytype1st_925L"": ""string"", ""paytype_783L"": ""string"", ""payvacationpostpone_4187118D"": ""string"", ""pctinstlsallpaidearl3d_427L"": ""double"", ""pctinstlsallpaidlat10d_839L"": ""double"", ""pctinstlsallpaidlate1d_3546856L"": ""double"", ""pctinstlsallpaidlate4d_3546849L"": ""double"", ""pctinstlsallpaidlate6d_3546844L"": ""double"", ""pmtnum_254L"": ""double"", ""posfpd10lastmonth_333P"": ""double"", ""posfpd30lastmonth_3976960P"": ""double"", ""posfstqpd30lastmonth_3976962P"": ""double"", ""previouscontdistrict_112M"": ""string"", ""price_1097A"": ""double"", ""sellerplacecnt_915L"": ""double"", ""sellerplacescnt_216L"": ""double"", ""sumoutstandtotal_3546847A"": ""double"", ""sumoutstandtotalest_4493215A"": ""double"", ""totaldebt_9A"": ""double"", ""totalsettled_863A"": ""double"", ""totinstallast1m_4525188A"": ""double"", ""twobodfilling_608L"": ""string"", ""typesuite_864L"": ""string"", ""validfrom_1069D"": ""string""}"
train_static_0_1.parquet,parquet_files\train\train_static_0_1.parquet,74691173,71.23,train,static,0,1,feature_table,True,static__depth_0,522902,1,168,True,False,case_id,True,datefirstoffer_1144D | datelastinstal40dpd_247D | datelastunpaid_3546854D | dtlastpmtallstes_4499206D | firstclxcampaign_1125D | firstdatedue_489D | lastactivateddate_801D | lastapplicationdate_877D | lastapprdate_640D | lastdelinqdate_224D | lastrejectdate_50D | lastrepayingdate_696D | maxdpdinstldate_3546855D | payvacationpostpone_4187118D | validfrom_1069D,e1b22a1881066df0,a7789b7b12daa7a9,"{""actualdpdtolerance_344P"": ""double"", ""amtinstpaidbefduel24m_4187115A"": ""double"", ""annuity_780A"": ""double"", ""annuitynextmonth_57A"": ""double"", ""applicationcnt_361L"": ""double"", ""applications30d_658L"": ""double"", ""applicationscnt_1086L"": ""double"", ""applicationscnt_464L"": ""double"", ""applicationscnt_629L"": ""double"", ""applicationscnt_867L"": ""double"", ""avgdbddpdlast24m_3658932P"": ""double"", ""avgdbddpdlast3m_4187120P"": ""double"", ""avgdbdtollast24m_4525197P"": ""double"", ""avgdpdtolclosure24_3658938P"": ""double"", ""avginstallast24m_3658937A"": ""double"", ""avglnamtstart24m_4525187A"": ""double"", ""avgmaxdpdlast9m_3716943P"": ""double"", ""avgoutstandbalancel6m_4187114A"": ""double"", ""avgpmtlast12m_4525200A"": ""double"", ""bankacctype_710L"": ""string"", ""cardtype_51L"": ""string"", ""case_id"": ""int64"", ""clientscnt12m_3712952L"": ""double"", ""clientscnt3m_3712950L"": ""double"", ""clientscnt6m_3712949L"": ""double"", ""clientscnt_100L"": ""double"", ""clientscnt_1022L"": ""double"", ""clientscnt_1071L"": ""double"", ""clientscnt_1130L"": ""double"", ""clientscnt_136L"": ""double"", ""clientscnt_157L"": ""double"", ""clientscnt_257L"": ""double"", ""clientscnt_304L"": ""double"", ""clientscnt_360L"": ""double"", ""clientscnt_493L"": ""double"", ""clientscnt_533L"": ""double"", ""clientscnt_887L"": ""double"", ""clientscnt_946L"": ""double"", ""cntincpaycont9m_3716944L"": ""double"", ""cntpmts24_3658933L"": ""double"", ""commnoinclast6m_3546845L"": ""double"", ""credamount_770A"": ""double"", ""credtype_322L"": ""string"", ""currdebt_22A"": ""double"", ""currdebtcredtyperange_828A"": ""double"", ""datefirstoffer_1144D"": ""string"", ""datelastinstal40dpd_247D"": ""string"", ""datelastunpaid_3546854D"": ""string"", ""daysoverduetolerancedd_3976961L"": ""double"", ""deferredmnthsnum_166L"": ""double"", ""disbursedcredamount_1113A"": ""double"", ""disbursementtype_67L"": ""string"", ""downpmt_116A"": ""double"", ""dtlastpmtallstes_4499206D"": ""string"", ""eir_270L"": ""double"", ""equalitydataagreement_891L"": ""bool"", ""equalityempfrom_62L"": ""bool"", ""firstclxcampaign_1125D"": ""string"", ""firstdatedue_489D"": ""string"", ""homephncnt_628L"": ""double"", ""inittransactionamount_650A"": ""double"", ""inittransactioncode_186L"": ""string"", ""interestrate_311L"": ""double"", ""interestrategrace_34L"": ""double"", ""isbidproduct_1095L"": ""bool"", ""isbidproductrequest_292L"": ""bool"", ""isdebitcard_729L"": ""bool"", ""lastactivateddate_801D"": ""string"", ""lastapplicationdate_877D"": ""string"", ""lastapprcommoditycat_1041M"": ""string"", ""lastapprcommoditytypec_5251766M"": ""string"", ""lastapprcredamount_781A"": ""double"", ""lastapprdate_640D"": ""string"", ""lastcancelreason_561M"": ""string"", ""lastdelinqdate_224D"": ""string"", ""lastdependentsnum_448L"": ""double"", ""lastotherinc_902A"": ""double"", ""lastotherlnsexpense_631A"": ""double"", ""lastrejectcommoditycat_161M"": ""string"", ""lastrejectcommodtypec_5251769M"": ""string"", ""lastrejectcredamount_222A"": ""double"", ""lastrejectdate_50D"": ""string"", ""lastrejectreason_759M"": ""string"", ""lastrejectreasonclient_4145040M"": ""string"", ""lastrepayingdate_696D"": ""string"", ""lastst_736L"": ""string"", ""maininc_215A"": ""double"", ""mastercontrelectronic_519L"": ""double"", ""mastercontrexist_109L"": ""double"", ""maxannuity_159A"": ""double"", ""maxannuity_4075009A"": ""double"", ""maxdbddpdlast1m_3658939P"": ""double"", ""maxdbddpdtollast12m_3658940P"": ""double"", ""maxdbddpdtollast6m_4187119P"": ""double"", ""maxdebt4_972A"": ""double"", ""maxdpdfrom6mto36m_3546853P"": ""double"", ""maxdpdinstldate_3546855D"": ""string"", ""maxdpdinstlnum_3546846P"": ""double"", ""maxdpdlast12m_727P"": ""double"", ""maxdpdlast24m_143P"": ""double"", ""maxdpdlast3m_392P"": ""double"", ""maxdpdlast6m_474P"": ""double"", ""maxdpdlast9m_1059P"": ""double"", ""maxdpdtolerance_374P"": ""double"", ""maxinstallast24m_3658928A"": ""double"", ""maxlnamtstart6m_4525199A"": ""double"", ""maxoutstandbalancel12m_4187113A"": ""double"", ""maxpmtlast3m_4525190A"": ""double"", ""mindbddpdlast24m_3658935P"": ""double"", ""mindbdtollast24m_4525191P"": ""double"", ""mobilephncnt_593L"": ""double"", ""monthsannuity_845L"": ""double"", ""numactivecreds_622L"": ""double"", ""numactivecredschannel_414L"": ""double"", ""numactiverelcontr_750L"": ""double"", ""numcontrs3months_479L"": ""double"", ""numincomingpmts_3546848L"": ""double"", ""numinstlallpaidearly3d_817L"": ""double"", ""numinstls_657L"": ""double"", ""numinstlsallpaid_934L"": ""double"", ""numinstlswithdpd10_728L"": ""double"", ""numinstlswithdpd5_4187116L"": ""double"", ""numinstlswithoutdpd_562L"": ""double"", ""numinstmatpaidtearly2d_4499204L"": ""double"", ""numinstpaid_4499208L"": ""double"", ""numinstpaidearly3d_3546850L"": ""double"", ""numinstpaidearly3dest_4493216L"": ""double"", ""numinstpaidearly5d_1087L"": ""double"", ""numinstpaidearly5dest_4493211L"": ""double"", ""numinstpaidearly5dobd_4499205L"": ""double"", ""numinstpaidearly_338L"": ""double"", ""numinstpaidearlyest_4493214L"": ""double"", ""numinstpaidlastcontr_4325080L"": ""double"", ""numinstpaidlate1d_3546852L"": ""double"", ""numinstregularpaid_973L"": ""double"", ""numinstregularpaidest_4493210L"": ""double"", ""numinsttopaygr_769L"": ""double"", ""numinsttopaygrest_4493213L"": ""double"", ""numinstunpaidmax_3546851L"": ""double"", ""numinstunpaidmaxest_4493212L"": ""double"", ""numnotactivated_1143L"": ""double"", ""numpmtchanneldd_318L"": ""double"", ""numrejects9m_859L"": ""double"", ""opencred_647L"": ""bool"", ""paytype1st_925L"": ""string"", ""paytype_783L"": ""string"", ""payvacationpostpone_4187118D"": ""string"", ""pctinstlsallpaidearl3d_427L"": ""double"", ""pctinstlsallpaidlat10d_839L"": ""double"", ""pctinstlsallpaidlate1d_3546856L"": ""double"", ""pctinstlsallpaidlate4d_3546849L"": ""double"", ""pctinstlsallpaidlate6d_3546844L"": ""double"", ""pmtnum_254L"": ""double"", ""posfpd10lastmonth_333P"": ""double"", ""posfpd30lastmonth_3976960P"": ""double"", ""posfstqpd30lastmonth_3976962P"": ""double"", ""previouscontdistrict_112M"": ""string"", ""price_1097A"": ""double"", ""sellerplacecnt_915L"": ""double"", ""sellerplacescnt_216L"": ""double"", ""sumoutstandtotal_3546847A"": ""double"", ""sumoutstandtotalest_4493215A"": ""double"", ""totaldebt_9A"": ""double"", ""totalsettled_863A"": ""double"", ""totinstallast1m_4525188A"": ""double"", ""twobodfilling_608L"": ""string"", ""typesuite_864L"": ""string"", ""validfrom_1069D"": ""string""}"
train_static_cb_0.parquet,parquet_files\train\train_static_cb_0.parquet,30654579,29.23,train,static_cb,0,,feature_table,False,static_cb__depth_0,1500476,2,53,True,False,case_id,True,assignmentdate_238D | assignmentdate_4527235D | assignmentdate_4955616D | birthdate_574D | dateofbirth_337D | dateofbirth_342D | responsedate_1012D | responsedate_4527233D | responsedate_4917613D,d6cc612f51be2631,a64c602e35eec045,"{""assignmentdate_238D"": ""string"", ""assignmentdate_4527235D"": ""string"", ""assignmentdate_4955616D"": ""string"", ""birthdate_574D"": ""string"", ""case_id"": ""int64"", ""contractssum_5085716L"": ""double"", ""dateofbirth_337D"": ""string"", ""dateofbirth_342D"": ""string"", ""days120_123L"": ""double"", ""days180_256L"": ""double"", ""days30_165L"": ""double"", ""days360_512L"": ""double"", ""days90_310L"": ""double"", ""description_5085714M"": ""string"", ""education_1103M"": ""string"", ""education_88M"": ""string"", ""firstquarter_103L"": ""double"", ""for3years_128L"": ""double"", ""for3years_504L"": ""double"", ""for3years_584L"": ""double"", ""formonth_118L"": ""double"", ""formonth_206L"": ""double"", ""formonth_535L"": ""double"", ""forquarter_1017L"": ""double"", ""forquarter_462L"": ""double"", ""forquarter_634L"": ""double"", ""fortoday_1092L"": ""double"", ""forweek_1077L"": ""double"", ""forweek_528L"": ""double"", ""forweek_601L"": ""double"", ""foryear_618L"": ""double"", ""foryear_818L"": ""double"", ""foryear_850L"": ""double"", ""fourthquarter_440L"": ""double"", ""maritalst_385M"": ""string"", ""maritalst_893M"": ""string"", ""numberofqueries_373L"": ""double"", ""pmtaverage_3A"": ""double"", ""pmtaverage_4527227A"": ""double"", ""pmtaverage_4955615A"": ""double"", ""pmtcount_4527229L"": ""double"", ""pmtcount_4955617L"": ""double"", ""pmtcount_693L"": ""double"", ""pmtscount_423L"": ""double"", ""pmtssum_45A"": ""double"", ""requesttype_4525192L"": ""string"", ""responsedate_1012D"": ""string"", ""responsedate_4527233D"": ""string"", ""responsedate_4917613D"": ""string"", ""riskassesment_302T"": ""string"", ""riskassesment_940T"": ""double"", ""secondquarter_766L"": ""double"", ""thirdquarter_1082L"": ""double""}"
train_tax_registry_a_1.parquet,parquet_files\train\train_tax_registry_a_1.parquet,21687764,20.68,train,tax_registry_a,1,,feature_table,False,tax_registry_a__depth_1,3275770,4,5,True,False,case_id + num_group1,True,recorddate_4527225D,dab7fb643ea39160,2bae64963722c1fb,"{""amount_4527230A"": ""double"", ""case_id"": ""int64"", ""name_4527232M"": ""string"", ""num_group1"": ""int64"", ""recorddate_4527225D"": ""string""}"
train_tax_registry_b_1.parquet,parquet_files\train\train_tax_registry_b_1.parquet,9915038,9.46,train,tax_registry_b,1,,feature_table,False,tax_registry_b__depth_1,1107933,2,5,True,False,case_id + num_group1,True,deductiondate_4917603D,c9e3d612e994a870,4921d3eeacf521e0,"{""amount_4917619A"": ""double"", ""case_id"": ""int64"", ""deductiondate_4917603D"": ""string"", ""name_4917606M"": ""string"", ""num_group1"": ""int64""}"
train_tax_registry_c_1.parquet,parquet_files\train\train_tax_registry_c_1.parquet,29825347,28.44,train,tax_registry_c,1,,feature_table,False,tax_registry_c__depth_1,3343800,4,5,True,False,case_id + num_group1,True,processingdate_168D,9177389840f4cb0a,848128fd2805d614,"{""case_id"": ""int64"", ""employername_160M"": ""string"", ""num_group1"": ""int64"", ""pmtamount_36A"": ""double"", ""processingdate_168D"": ""string""}"
